"http://dbpedia.org/resource/20th-century_classical_music"	1
"http://dbpedia.org/resource/21st-century_classical_music"	2
"http://dbpedia.org/resource/2-step_garage"	3
"http://dbpedia.org/resource/2_Tone"	4
"http://dbpedia.org/resource/8-bit"	5
"http://dbpedia.org/resource/Aboriginal_music_of_Canada"	6
"http://dbpedia.org/resource/Absolute_music"	7
"http://dbpedia.org/resource/Absurdism"	8
"http://dbpedia.org/resource/A_cappella"	9
"http://dbpedia.org/resource/Acid_house"	10
"http://dbpedia.org/resource/Acid_jazz"	11
"http://dbpedia.org/resource/Acid_rock"	12
"http://dbpedia.org/resource/Acid_techno"	13
"http://dbpedia.org/resource/Acid_trance"	14
"http://dbpedia.org/resource/Acousmatic_music"	15
"http://dbpedia.org/resource/Acoustic_guitar"	16
"http://dbpedia.org/resource/Acoustic_music"	17
"http://dbpedia.org/resource/Acoustic_Punk"	18
"http://dbpedia.org/resource/Actor"	19
"http://dbpedia.org/resource/Adult_album_alternative"	20
"http://dbpedia.org/resource/Adult_animation"	21
"http://dbpedia.org/resource/Adult_Contemporary_(chart)"	22
"http://dbpedia.org/resource/Adult_contemporary_music"	23
"http://dbpedia.org/resource/Advertising"	24
"http://dbpedia.org/resource/African_blues"	25
"http://dbpedia.org/resource/African_folk"	26
"http://dbpedia.org/resource/African_hip_hop"	27
"http://dbpedia.org/resource/African_popular_music"	28
"http://dbpedia.org/resource/Afrikaans"	29
"http://dbpedia.org/resource/Afrobeat"	30
"http://dbpedia.org/resource/Afro-Brazilian"	31
"http://dbpedia.org/resource/Afro/Cosmic_music"	32
"http://dbpedia.org/resource/Afro-Cuban"	33
"http://dbpedia.org/resource/Afro-Cuban_jazz"	34
"http://dbpedia.org/resource/Afro-soul"	35
"http://dbpedia.org/resource/Agogo"	36
"http://dbpedia.org/resource/Ainu_music"	37
"http://dbpedia.org/resource/Alaturka"	38
"http://dbpedia.org/resource/Album-oriented_rock"	39
"http://dbpedia.org/resource/Aleatoric_music"	40
"http://dbpedia.org/resource/Alternative"	41
"http://dbpedia.org/resource/Alternative_Art_Rock"	42
"http://dbpedia.org/resource/Alternative_comedy"	43
"http://dbpedia.org/resource/Alternative_country"	44
"http://dbpedia.org/resource/Alternative_dance"	45
"http://dbpedia.org/resource/Alternative_hip_hop"	46
"http://dbpedia.org/resource/Alternative_metal"	47
"http://dbpedia.org/resource/Alternative_rock"	48
"http://dbpedia.org/resource/Alt-folk"	49
"http://dbpedia.org/resource/Alt.folk"	50
"http://dbpedia.org/resource/Alt-pop"	51
"http://dbpedia.org/resource/Ambient"	52
"http://dbpedia.org/resource/Ambient_house"	53
"http://dbpedia.org/resource/Ambient_industrial"	54
"http://dbpedia.org/resource/Ambient_music"	55
"http://dbpedia.org/resource/Americana"	56
"http://dbpedia.org/resource/Americana_(music)"	57
"http://dbpedia.org/resource/Americana_rock"	58
"http://dbpedia.org/resource/American_folk_music"	59
"http://dbpedia.org/resource/American_folk_music_revival"	60
"http://dbpedia.org/resource/American_poetry"	61
"http://dbpedia.org/resource/American_Pop"	62
"http://dbpedia.org/resource/American_Primitivism"	63
"http://dbpedia.org/resource/American_rock"	64
"http://dbpedia.org/resource/Anarcho-folk"	65
"http://dbpedia.org/resource/Anarcho-punk"	66
"http://dbpedia.org/resource/Anasheed"	67
"http://dbpedia.org/resource/Anatolian_rock"	68
"http://dbpedia.org/resource/Andean_music"	69
"http://dbpedia.org/resource/Angstpop"	70
"http://dbpedia.org/resource/Animated_sitcom"	71
"http://dbpedia.org/resource/Animation"	72
"http://dbpedia.org/resource/Anime"	73
"http://dbpedia.org/resource/Anthem"	74
"http://dbpedia.org/resource/Anti-folk"	75
"http://dbpedia.org/resource/Aphex_Twin"	76
"http://dbpedia.org/resource/Arabesque_pop"	77
"http://dbpedia.org/resource/Arabesque_(Turkish_music)"	78
"http://dbpedia.org/resource/Arabic_Jazz"	79
"http://dbpedia.org/resource/Arabic_language"	80
"http://dbpedia.org/resource/Arabic_music"	81
"http://dbpedia.org/resource/Arabic_pop_music"	82
"http://dbpedia.org/resource/Arena_rock"	83
"http://dbpedia.org/resource/Art_music"	84
"http://dbpedia.org/resource/Art_punk"	85
"http://dbpedia.org/resource/Art_rock"	86
"http://dbpedia.org/resource/Art_song"	87
"http://dbpedia.org/resource/Asian_Underground"	88
"http://dbpedia.org/resource/Atonality"	89
"http://dbpedia.org/resource/Australian_hip_hop"	90
"http://dbpedia.org/resource/Australian_rock"	91
"http://dbpedia.org/resource/Austrian_Hip-Hop"	92
"http://dbpedia.org/resource/Autobiographical_novel"	93
"http://dbpedia.org/resource/Avant-garde"	94
"http://dbpedia.org/resource/Avant-garde_jazz"	95
"http://dbpedia.org/resource/Avant-garde_music"	96
"http://dbpedia.org/resource/Avant-garde_progressive_rock"	97
"http://dbpedia.org/resource/Avant-Pop"	98
"http://dbpedia.org/resource/Avanzada_Regia"	99
"http://dbpedia.org/resource/Ax%C3%A9_(music)"	100
"http://dbpedia.org/resource/Bachata_(music)"	101
"http://dbpedia.org/resource/Ba-gasy"	102
"http://dbpedia.org/resource/Baggy"	103
"http://dbpedia.org/resource/Bai%C3%A3o_(music)"	104
"http://dbpedia.org/resource/Baka_music"	105
"http://dbpedia.org/resource/Bakersfield_sound"	106
"http://dbpedia.org/resource/Balada_(genre)"	107
"http://dbpedia.org/resource/Balearic_beat"	108
"http://dbpedia.org/resource/Balearic_trance"	109
"http://dbpedia.org/resource/Balkan_pop"	110
"http://dbpedia.org/resource/Ballad"	111
"http://dbpedia.org/resource/Ballata"	112
"http://dbpedia.org/resource/Ballroom"	113
"http://dbpedia.org/resource/Baltimore_club"	114
"http://dbpedia.org/resource/Bambuco"	115
"http://dbpedia.org/resource/Banda_(music)"	116
"http://dbpedia.org/resource/Bandana_thrash"	117
"http://dbpedia.org/resource/Bandleader"	118
"http://dbpedia.org/resource/Band_Singer"	119
"http://dbpedia.org/resource/Barbershop_music"	120
"http://dbpedia.org/resource/Bard_(Soviet_Union)"	121
"http://dbpedia.org/resource/Baroque_music"	122
"http://dbpedia.org/resource/Baroque_pop"	123
"http://dbpedia.org/resource/Bassline"	124
"http://dbpedia.org/resource/Bassline_(music_genre)"	125
"http://dbpedia.org/resource/Bass_music"	126
"http://dbpedia.org/resource/Battle_rap"	127
"http://dbpedia.org/resource/Bazombo"	128
"http://dbpedia.org/resource/Beach_music"	129
"http://dbpedia.org/resource/Beat"	130
"http://dbpedia.org/resource/Beatboxing"	131
"http://dbpedia.org/resource/Beat_Generation"	132
"http://dbpedia.org/resource/Beat_music"	133
"http://dbpedia.org/resource/Bebop"	134
"http://dbpedia.org/resource/Belly_dance"	135
"http://dbpedia.org/resource/Bengali_Mix"	136
"http://dbpedia.org/resource/Berber_music"	137
"http://dbpedia.org/resource/Berlin_School_of_electronic_music"	138
"http://dbpedia.org/resource/Bhajan"	139
"http://dbpedia.org/resource/Bhangragga"	140
"http://dbpedia.org/resource/Bhangra_(music)"	141
"http://dbpedia.org/resource/Big_band"	142
"http://dbpedia.org/resource/Big_beat"	143
"http://dbpedia.org/resource/Big_Room"	144
"http://dbpedia.org/resource/Binaural_beats"	145
"http://dbpedia.org/resource/Bitpop"	146
"http://dbpedia.org/resource/Black_comedy"	147
"http://dbpedia.org/resource/Black_metal"	148
"http://dbpedia.org/resource/Blip_hop"	149
"http://dbpedia.org/resource/Blue_Beat_Records"	150
"http://dbpedia.org/resource/Blue-eyed_soul"	151
"http://dbpedia.org/resource/Bluegrass_music"	152
"http://dbpedia.org/resource/Blues"	153
"http://dbpedia.org/resource/Blues_rock"	154
"http://dbpedia.org/resource/Blues_&_Roots"	155
"http://dbpedia.org/resource/Bolero"	156
"http://dbpedia.org/resource/Bolero,_Psychedelic"	157
"http://dbpedia.org/resource/Bollywood"	158
"http://dbpedia.org/resource/Boogaloo"	159
"http://dbpedia.org/resource/Boogie"	160
"http://dbpedia.org/resource/Boogie_(genre)"	161
"http://dbpedia.org/resource/Boogie_rock"	162
"http://dbpedia.org/resource/Boogie-woogie"	163
"http://dbpedia.org/resource/Booty_bass"	164
"http://dbpedia.org/resource/Booty_breaks"	165
"http://dbpedia.org/resource/Bosnian_and_Herzegovinan_hip_hop"	166
"http://dbpedia.org/resource/Bossanova"	167
"http://dbpedia.org/resource/Bossa_nova"	168
"http://dbpedia.org/resource/Bounce_music"	169
"http://dbpedia.org/resource/Bouncy_techno"	170
"http://dbpedia.org/resource/Boy_band"	171
"http://dbpedia.org/resource/Brass_band"	172
"http://dbpedia.org/resource/Brazil"	173
"http://dbpedia.org/resource/Brazilian_jazz"	174
"http://dbpedia.org/resource/Brazilian_rock"	175
"http://dbpedia.org/resource/Breakbeat"	176
"http://dbpedia.org/resource/Breakbeat_hardcore"	177
"http://dbpedia.org/resource/Breakcore"	178
"http://dbpedia.org/resource/Breaks"	179
"http://dbpedia.org/resource/Breakstep"	180
"http://dbpedia.org/resource/Brega"	181
"http://dbpedia.org/resource/Brega_(music)"	182
"http://dbpedia.org/resource/Bricolage"	183
"http://dbpedia.org/resource/British_blues"	184
"http://dbpedia.org/resource/British_dance_band"	185
"http://dbpedia.org/resource/British_hip_hop"	186
"http://dbpedia.org/resource/British_Invasion"	187
"http://dbpedia.org/resource/British_rhythm_and_blues"	188
"http://dbpedia.org/resource/British_rock"	189
"http://dbpedia.org/resource/British_rock_and_roll"	190
"http://dbpedia.org/resource/British_soul"	191
"http://dbpedia.org/resource/Britpop"	192
"http://dbpedia.org/resource/Broadway_theatre"	193
"http://dbpedia.org/resource/Broken_beat"	194
"http://dbpedia.org/resource/Brown-eyed_soul"	195
"http://dbpedia.org/resource/Brutal_Prog"	196
"http://dbpedia.org/resource/Bubblegum_dance"	197
"http://dbpedia.org/resource/Bubblegum_pop"	198
"http://dbpedia.org/resource/Buddhist_music"	199
"http://dbpedia.org/resource/Bullerengue"	200
"http://dbpedia.org/resource/Burmese_heavy_metal"	201
"http://dbpedia.org/resource/Butcher_rock"	202
"http://dbpedia.org/resource/C86_(album)"	203
"http://dbpedia.org/resource/Cabaret"	204
"http://dbpedia.org/resource/Cabaret_blues"	205
"http://dbpedia.org/resource/Cadence-lypso"	206
"http://dbpedia.org/resource/Cadence_rampa"	207
"http://dbpedia.org/resource/Cajun"	208
"http://dbpedia.org/resource/Cajun_music"	209
"http://dbpedia.org/resource/California_Pop"	210
"http://dbpedia.org/resource/California_Soul"	211
"http://dbpedia.org/resource/Calypso_music"	212
"http://dbpedia.org/resource/Canadiana"	213
"http://dbpedia.org/resource/Canadian_hip_hop"	214
"http://dbpedia.org/resource/Candombe"	215
"http://dbpedia.org/resource/Cante_flamenco"	216
"http://dbpedia.org/resource/Canterbury_scene"	217
"http://dbpedia.org/resource/Cantopop"	218
"http://dbpedia.org/resource/Canzone_Napoletana"	219
"http://dbpedia.org/resource/Cape_Breton_fiddling"	220
"http://dbpedia.org/resource/Caribbean"	221
"http://dbpedia.org/resource/Carimbo"	222
"http://dbpedia.org/resource/Carnatic_music"	223
"http://dbpedia.org/resource/Cartoon"	224
"http://dbpedia.org/resource/Catalan_rumba"	225
"http://dbpedia.org/resource/Category:Eastern_European_music"	226
"http://dbpedia.org/resource/Cello_rock"	227
"http://dbpedia.org/resource/Celtic_fusion"	228
"http://dbpedia.org/resource/Celtic_metal"	229
"http://dbpedia.org/resource/Celtic_music"	230
"http://dbpedia.org/resource/Celtic_music_in_Canada"	231
"http://dbpedia.org/resource/Celtic_punk"	232
"http://dbpedia.org/resource/Celtic_rock"	233
"http://dbpedia.org/resource/Celtic_songs"	234
"http://dbpedia.org/resource/Chacarera"	235
"http://dbpedia.org/resource/Cha-cha-cha_(music)"	236
"http://dbpedia.org/resource/Chalga"	237
"http://dbpedia.org/resource/Chamam%C3%A9"	238
"http://dbpedia.org/resource/Chamber_jazz"	239
"http://dbpedia.org/resource/Chamber_music"	240
"http://dbpedia.org/resource/Champeta"	241
"http://dbpedia.org/resource/Chand%C3%A9"	242
"http://dbpedia.org/resource/Chanson"	243
"http://dbpedia.org/resource/Chansonnier"	244
"http://dbpedia.org/resource/Chap_hop"	245
"http://dbpedia.org/resource/Character_comedy"	246
"http://dbpedia.org/resource/Charity_record"	247
"http://dbpedia.org/resource/Chicago_blues"	248
"http://dbpedia.org/resource/Chicago_hip_hop"	249
"http://dbpedia.org/resource/Chicago_house"	250
"http://dbpedia.org/resource/Chicago_soul"	251
"http://dbpedia.org/resource/Chicano_rap"	252
"http://dbpedia.org/resource/Chicano_rock"	253
"http://dbpedia.org/resource/Child"	254
"http://dbpedia.org/resource/Children's_literature"	255
"http://dbpedia.org/resource/Children's_music"	256
"http://dbpedia.org/resource/Children's_song"	257
"http://dbpedia.org/resource/Children's_television_series"	258
"http://dbpedia.org/resource/Chill_house"	259
"http://dbpedia.org/resource/Chill_Out"	260
"http://dbpedia.org/resource/Chill-out_music"	261
"http://dbpedia.org/resource/Chill_Trance"	262
"http://dbpedia.org/resource/Chillwave"	263
"http://dbpedia.org/resource/Chimurenga"	264
"http://dbpedia.org/resource/Chinese_hip_hop"	265
"http://dbpedia.org/resource/Chinese_music"	266
"http://dbpedia.org/resource/Chinese_rock"	267
"http://dbpedia.org/resource/Chiptune"	268
"http://dbpedia.org/resource/Choir"	269
"http://dbpedia.org/resource/Chopped_and_screwed"	270
"http://dbpedia.org/resource/Choro"	271
"http://dbpedia.org/resource/Christian"	272
"http://dbpedia.org/resource/Christian_adult_contemporary"	273
"http://dbpedia.org/resource/Christian_alternative_rock"	274
"http://dbpedia.org/resource/Christian_country_music"	275
"http://dbpedia.org/resource/Christian_hardcore"	276
"http://dbpedia.org/resource/Christian_hip_hop"	277
"http://dbpedia.org/resource/Christian_metal"	278
"http://dbpedia.org/resource/Christian_music"	279
"http://dbpedia.org/resource/Christian_Pop"	280
"http://dbpedia.org/resource/Christian_punk"	281
"http://dbpedia.org/resource/Christian_rock"	282
"http://dbpedia.org/resource/Christian_ska"	283
"http://dbpedia.org/resource/Christmas_music"	284
"http://dbpedia.org/resource/Cinema_of_India"	285
"http://dbpedia.org/resource/Cinematic_Rock"	286
"http://dbpedia.org/resource/Cirque_rock"	287
"http://dbpedia.org/resource/Classic"	288
"http://dbpedia.org/resource/Classical"	289
"http://dbpedia.org/resource/Classical-crossover"	290
"http://dbpedia.org/resource/Classical_guitar"	291
"http://dbpedia.org/resource/Classical_music"	292
"http://dbpedia.org/resource/Classical_period_(music)"	293
"http://dbpedia.org/resource/Classic_country"	294
"http://dbpedia.org/resource/Classic_rock"	295
"http://dbpedia.org/resource/Close_and_open_harmony"	296
"http://dbpedia.org/resource/Cloud_rap"	297
"http://dbpedia.org/resource/Club"	298
"http://dbpedia.org/resource/Cock_rock"	299
"http://dbpedia.org/resource/Coldwave"	300
"http://dbpedia.org/resource/Cold_wave"	301
"http://dbpedia.org/resource/College_Indie/Americana"	302
"http://dbpedia.org/resource/College_rock"	303
"http://dbpedia.org/resource/Comedy"	304
"http://dbpedia.org/resource/Comedy-drama"	305
"http://dbpedia.org/resource/Comedy_film"	306
"http://dbpedia.org/resource/Comedy_hip_hop"	307
"http://dbpedia.org/resource/Comedy_music"	308
"http://dbpedia.org/resource/Comedy_rock"	309
"http://dbpedia.org/resource/Compas_music"	310
"http://dbpedia.org/resource/Computer-generated_imagery"	311
"http://dbpedia.org/resource/Computer_music"	312
"http://dbpedia.org/resource/Conjunto"	313
"http://dbpedia.org/resource/Contemporary_Christian_music"	314
"http://dbpedia.org/resource/Contemporary_classical_music"	315
"http://dbpedia.org/resource/Contemporary_jazz"	316
"http://dbpedia.org/resource/Contemporary_R&B"	317
"http://dbpedia.org/resource/Contemporary_worship"	318
"http://dbpedia.org/resource/Contemporary_worship_music"	319
"http://dbpedia.org/resource/Cool_jazz"	320
"http://dbpedia.org/resource/Copla_(music)"	321
"http://dbpedia.org/resource/Corrido"	322
"http://dbpedia.org/resource/Country"	323
"http://dbpedia.org/resource/Country_blues"	324
"http://dbpedia.org/resource/Country_folk"	325
"http://dbpedia.org/resource/Country_music"	326
"http://dbpedia.org/resource/Country_noir"	327
"http://dbpedia.org/resource/Country_pop"	328
"http://dbpedia.org/resource/Country_rap"	329
"http://dbpedia.org/resource/Country_rock"	330
"http://dbpedia.org/resource/Country/rock/blues/americana_music"	331
"http://dbpedia.org/resource/Coup%C3%A9-D%C3%A9cal%C3%A9"	332
"http://dbpedia.org/resource/Cover_band"	333
"http://dbpedia.org/resource/Cover_version"	334
"http://dbpedia.org/resource/Cowpunk"	335
"http://dbpedia.org/resource/C-pop"	336
"http://dbpedia.org/resource/Crime_fiction"	337
"http://dbpedia.org/resource/Cringe_comedy"	338
"http://dbpedia.org/resource/Crooner"	339
"http://dbpedia.org/resource/Cross-genre"	340
"http://dbpedia.org/resource/Crossover_jazz"	341
"http://dbpedia.org/resource/Crossover_(music)"	342
"http://dbpedia.org/resource/Crossover_thrash"	343
"http://dbpedia.org/resource/Crunk"	344
"http://dbpedia.org/resource/Crunkcore"	345
"http://dbpedia.org/resource/Crust_punk"	346
"http://dbpedia.org/resource/Cuarteto"	347
"http://dbpedia.org/resource/Cult_film"	348
"http://dbpedia.org/resource/Culture_of_Asia"	349
"http://dbpedia.org/resource/Cumbia"	350
"http://dbpedia.org/resource/Cumbias"	351
"http://dbpedia.org/resource/Cumbia_villera"	352
"http://dbpedia.org/resource/Cybergoth"	353
"http://dbpedia.org/resource/Cyberpunk"	354
"http://dbpedia.org/resource/Daina_(Lithuania)"	355
"http://dbpedia.org/resource/Dance"	356
"http://dbpedia.org/resource/Dance_Club_Massacre"	357
"http://dbpedia.org/resource/Dancehall"	358
"http://dbpedia.org/resource/Dance_hall"	359
"http://dbpedia.org/resource/Dance_music"	360
"http://dbpedia.org/resource/Dance-pop"	361
"http://dbpedia.org/resource/Dance-punk"	362
"http://dbpedia.org/resource/Dance-rock"	363
"http://dbpedia.org/resource/Dansband"	364
"http://dbpedia.org/resource/Dark_Alternative_music"	365
"http://dbpedia.org/resource/Dark_ambient"	366
"http://dbpedia.org/resource/Dark_cabaret"	367
"http://dbpedia.org/resource/Darkcore"	368
"http://dbpedia.org/resource/Dark_fantasy"	369
"http://dbpedia.org/resource/Dark_metal"	370
"http://dbpedia.org/resource/Dark_Pop"	371
"http://dbpedia.org/resource/Dark_rock"	372
"http://dbpedia.org/resource/Darkstep"	373
"http://dbpedia.org/resource/Dark_wave"	374
"http://dbpedia.org/resource/D-beat"	375
"http://dbpedia.org/resource/Deadpan"	376
"http://dbpedia.org/resource/Deathcore"	377
"http://dbpedia.org/resource/Death-doom"	378
"http://dbpedia.org/resource/Death/doom/gothic"	379
"http://dbpedia.org/resource/Deathgrind"	380
"http://dbpedia.org/resource/Death_metal"	381
"http://dbpedia.org/resource/Death_'n'_roll"	382
"http://dbpedia.org/resource/Deathrock"	383
"http://dbpedia.org/resource/Deejay_(Jamaican)"	384
"http://dbpedia.org/resource/Deep_house"	385
"http://dbpedia.org/resource/Deep_House_music"	386
"http://dbpedia.org/resource/Delta_blues"	387
"http://dbpedia.org/resource/Demoscene"	388
"http://dbpedia.org/resource/Desert_pop"	389
"http://dbpedia.org/resource/Desi_Beats"	390
"http://dbpedia.org/resource/Desi_Hip_Hop"	391
"http://dbpedia.org/resource/Detective_fiction"	392
"http://dbpedia.org/resource/Detroit_techno"	393
"http://dbpedia.org/resource/Devotional_song"	394
"http://dbpedia.org/resource/Digital_hardcore"	395
"http://dbpedia.org/resource/Dirty_blues"	396
"http://dbpedia.org/resource/Dirty_rap"	397
"http://dbpedia.org/resource/Disco"	398
"http://dbpedia.org/resource/Dixieland"	399
"http://dbpedia.org/resource/Djent"	400
"http://dbpedia.org/resource/Doctor_Who_fandom"	401
"http://dbpedia.org/resource/Doom_metal"	402
"http://dbpedia.org/resource/Doom_Pop"	403
"http://dbpedia.org/resource/Doo-wop"	404
"http://dbpedia.org/resource/Downtempo"	405
"http://dbpedia.org/resource/Downtown_music"	406
"http://dbpedia.org/resource/Drama"	407
"http://dbpedia.org/resource/Drawing"	408
"http://dbpedia.org/resource/Dream_pop"	409
"http://dbpedia.org/resource/Dream_trance"	410
"http://dbpedia.org/resource/Drone_metal"	411
"http://dbpedia.org/resource/Drone_music"	412
"http://dbpedia.org/resource/Drone_(music)"	413
"http://dbpedia.org/resource/Drum"	414
"http://dbpedia.org/resource/Drum_and_bass"	415
"http://dbpedia.org/resource/Dub"	416
"http://dbpedia.org/resource/Dub_(music)"	417
"http://dbpedia.org/resource/Dub_poetry"	418
"http://dbpedia.org/resource/Dubstep"	419
"http://dbpedia.org/resource/Dub_techno"	420
"http://dbpedia.org/resource/Dubtronica"	421
"http://dbpedia.org/resource/Dunedin_Sound"	422
"http://dbpedia.org/resource/Duranguense"	423
"http://dbpedia.org/resource/Dutch_hip_hop"	424
"http://dbpedia.org/resource/Early_hardcore"	425
"http://dbpedia.org/resource/Early_music"	426
"http://dbpedia.org/resource/East_Coast_blues"	427
"http://dbpedia.org/resource/East_Coast_hip_hop"	428
"http://dbpedia.org/resource/Easy_listening"	429
"http://dbpedia.org/resource/EBM"	430
"http://dbpedia.org/resource/Eclecticism_in_music"	431
"http://dbpedia.org/resource/Eclectic_Rock"	432
"http://dbpedia.org/resource/Educational_television"	433
"http://dbpedia.org/resource/Electric_blues"	434
"http://dbpedia.org/resource/Electric_folk"	435
"http://dbpedia.org/resource/Electroacoustic_music"	436
"http://dbpedia.org/resource/Electroclash"	437
"http://dbpedia.org/resource/Electro_dance"	438
"http://dbpedia.org/resource/Electro_house"	439
"http://dbpedia.org/resource/Electro-House"	440
"http://dbpedia.org/resource/Electro-industrial"	441
"http://dbpedia.org/resource/Electro_(music)"	442
"http://dbpedia.org/resource/Electronic"	443
"http://dbpedia.org/resource/Electronica"	444
"http://dbpedia.org/resource/Electronic_body_music"	445
"http://dbpedia.org/resource/Electronic_dance_music"	446
"http://dbpedia.org/resource/Electronic_fusion"	447
"http://dbpedia.org/resource/Electronic_music"	448
"http://dbpedia.org/resource/Electronicore"	449
"http://dbpedia.org/resource/Electronic_rock"	450
"http://dbpedia.org/resource/Electro-Noir"	451
"http://dbpedia.org/resource/Electro_Pop_music"	452
"http://dbpedia.org/resource/Electro-Rock"	453
"http://dbpedia.org/resource/Electro_swing"	454
"http://dbpedia.org/resource/Electro_Swing"	455
"http://dbpedia.org/resource/Electro_trance"	456
"http://dbpedia.org/resource/Elevator_music"	457
"http://dbpedia.org/resource/Emo"	458
"http://dbpedia.org/resource/Emo_pop"	459
"http://dbpedia.org/resource/Endzeit_Electro"	460
"http://dbpedia.org/resource/England"	461
"http://dbpedia.org/resource/English_language"	462
"http://dbpedia.org/resource/English_people"	463
"http://dbpedia.org/resource/Enigmatic_music"	464
"http://dbpedia.org/resource/Enka"	465
"http://dbpedia.org/resource/Eock_music"	466
"http://dbpedia.org/resource/Epicore"	467
"http://dbpedia.org/resource/Epic_poetry"	468
"http://dbpedia.org/resource/Ethereal_wave"	469
"http://dbpedia.org/resource/Ethio-jazz"	470
"http://dbpedia.org/resource/Ethnic_electronica"	471
"http://dbpedia.org/resource/Ethnic_Fusion"	472
"http://dbpedia.org/resource/Ethnic_group"	473
"http://dbpedia.org/resource/Ethnic_rock"	474
"http://dbpedia.org/resource/Ethno_jazz"	475
"http://dbpedia.org/resource/Etnorock"	476
"http://dbpedia.org/resource/E-Trip-Noise"	477
"http://dbpedia.org/resource/Eurobeat"	478
"http://dbpedia.org/resource/Eurodance"	479
"http://dbpedia.org/resource/Euro_disco"	480
"http://dbpedia.org/resource/Europop"	481
"http://dbpedia.org/resource/Eurotrance"	482
"http://dbpedia.org/resource/Exotica"	483
"http://dbpedia.org/resource/Experiment"	484
"http://dbpedia.org/resource/Experimental/Ambient/Noise"	485
"http://dbpedia.org/resource/Experimental_hip_hop"	486
"http://dbpedia.org/resource/Experimental_Hip_Hop"	487
"http://dbpedia.org/resource/Experimental_metal"	488
"http://dbpedia.org/resource/Experimental_music"	489
"http://dbpedia.org/resource/Experimental_rock"	490
"http://dbpedia.org/resource/Expressionism"	491
"http://dbpedia.org/resource/Extreme_metal"	492
"http://dbpedia.org/resource/Fado"	493
"http://dbpedia.org/resource/Fandango"	494
"http://dbpedia.org/resource/Fantasy"	495
"http://dbpedia.org/resource/Farce"	496
"http://dbpedia.org/resource/Fast_rock"	497
"http://dbpedia.org/resource/Female_rock"	498
"http://dbpedia.org/resource/Fiction"	499
"http://dbpedia.org/resource/Fiddle"	500
"http://dbpedia.org/resource/Field_recording"	501
"http://dbpedia.org/resource/Filin_(music)"	502
"http://dbpedia.org/resource/Filk_music"	503
"http://dbpedia.org/resource/Film"	504
"http://dbpedia.org/resource/Filmi"	505
"http://dbpedia.org/resource/Film_score"	506
"http://dbpedia.org/resource/Fingerstyle_guitar"	507
"http://dbpedia.org/resource/Finnish_hip_hop"	508
"http://dbpedia.org/resource/Finnish_rock"	509
"http://dbpedia.org/resource/Flamenco"	510
"http://dbpedia.org/resource/Flamenco_guitar"	511
"http://dbpedia.org/resource/Flamenco_rumba"	512
"http://dbpedia.org/resource/Florida_breaks"	513
"http://dbpedia.org/resource/Folk"	514
"http://dbpedia.org/resource/Folk_baroque"	515
"http://dbpedia.org/resource/Folk_dance"	516
"http://dbpedia.org/resource/Folk_jazz"	517
"http://dbpedia.org/resource/Folklore"	518
"http://dbpedia.org/resource/Folk_metal"	519
"http://dbpedia.org/resource/Folk_music"	520
"http://dbpedia.org/resource/Folk_music_of_England"	521
"http://dbpedia.org/resource/Folk_music_of_Ireland"	522
"http://dbpedia.org/resource/Folk-pop"	523
"http://dbpedia.org/resource/Folk_Pop"	524
"http://dbpedia.org/resource/Folk_punk"	525
"http://dbpedia.org/resource/Folk_rock"	526
"http://dbpedia.org/resource/Folk_Singer"	527
"http://dbpedia.org/resource/Folktronica"	528
"http://dbpedia.org/resource/Football_chant"	529
"http://dbpedia.org/resource/Footwork_(Chicago)"	530
"http://dbpedia.org/resource/Forr%C3%B3"	531
"http://dbpedia.org/resource/Franco_Arabic"	532
"http://dbpedia.org/resource/Freakbeat"	533
"http://dbpedia.org/resource/Freak_folk"	534
"http://dbpedia.org/resource/Freak_pop"	535
"http://dbpedia.org/resource/Free_funk"	536
"http://dbpedia.org/resource/Free_improvisation"	537
"http://dbpedia.org/resource/Free_jazz"	538
"http://dbpedia.org/resource/Free_rock"	539
"http://dbpedia.org/resource/Freestyle"	540
"http://dbpedia.org/resource/Freestyle_music"	541
"http://dbpedia.org/resource/Freestyle_rap"	542
"http://dbpedia.org/resource/Freestyle_techno"	543
"http://dbpedia.org/resource/Free_verse"	544
"http://dbpedia.org/resource/French_Electro"	545
"http://dbpedia.org/resource/French_Electronic"	546
"http://dbpedia.org/resource/French_hip_hop"	547
"http://dbpedia.org/resource/French_house"	548
"http://dbpedia.org/resource/French_jazz"	549
"http://dbpedia.org/resource/French_pop_music"	550
"http://dbpedia.org/resource/French_popular_music"	551
"http://dbpedia.org/resource/French_rock"	552
"http://dbpedia.org/resource/Fruit_preserves"	553
"http://dbpedia.org/resource/Funk"	554
"http://dbpedia.org/resource/Funk_carioca"	555
"http://dbpedia.org/resource/Funk_metal"	556
"http://dbpedia.org/resource/Funk_rock"	557
"http://dbpedia.org/resource/Funktronica"	558
"http://dbpedia.org/resource/Funky_Club_Music"	559
"http://dbpedia.org/resource/Funky_house"	560
"http://dbpedia.org/resource/Fusion_(music)"	561
"http://dbpedia.org/resource/Future_garage"	562
"http://dbpedia.org/resource/Futurepop"	563
"http://dbpedia.org/resource/Futurock"	564
"http://dbpedia.org/resource/Gagaku"	565
"http://dbpedia.org/resource/Gangsta_rap"	566
"http://dbpedia.org/resource/Garage_country"	567
"http://dbpedia.org/resource/Garage_music"	568
"http://dbpedia.org/resource/Garage_music_(North_America)"	569
"http://dbpedia.org/resource/Garage_punk"	570
"http://dbpedia.org/resource/Garage_rock"	571
"http://dbpedia.org/resource/Geek"	572
"http://dbpedia.org/resource/Genre_fiction"	573
"http://dbpedia.org/resource/German_hip_hop"	574
"http://dbpedia.org/resource/German_rock"	575
"http://dbpedia.org/resource/Germans"	576
"http://dbpedia.org/resource/Germany"	577
"http://dbpedia.org/resource/G-funk"	578
"http://dbpedia.org/resource/Ghazal"	579
"http://dbpedia.org/resource/Ghetto_house"	580
"http://dbpedia.org/resource/Ghettotech"	581
"http://dbpedia.org/resource/Girl_group"	582
"http://dbpedia.org/resource/Girl_power"	583
"http://dbpedia.org/resource/Glam_folk"	584
"http://dbpedia.org/resource/Glam_metal"	585
"http://dbpedia.org/resource/Glam_punk"	586
"http://dbpedia.org/resource/Glam_rock"	587
"http://dbpedia.org/resource/Glitch"	588
"http://dbpedia.org/resource/Glitch_(music)"	589
"http://dbpedia.org/resource/Goa_trance"	590
"http://dbpedia.org/resource/Go-go"	591
"http://dbpedia.org/resource/Golden_age_hip_hop"	592
"http://dbpedia.org/resource/Goldfrapp"	593
"http://dbpedia.org/resource/Goombay"	594
"http://dbpedia.org/resource/Goregrind"	595
"http://dbpedia.org/resource/Gospel"	596
"http://dbpedia.org/resource/Gospel_blues"	597
"http://dbpedia.org/resource/Gospel_music"	598
"http://dbpedia.org/resource/Gospel_reggae"	599
"http://dbpedia.org/resource/Gothabilly"	600
"http://dbpedia.org/resource/Gothic_metal"	601
"http://dbpedia.org/resource/Gothic_rock"	602
"http://dbpedia.org/resource/Grebo"	603
"http://dbpedia.org/resource/Grebo_(music)"	604
"http://dbpedia.org/resource/Greek_folk_music"	605
"http://dbpedia.org/resource/Greek_rock"	606
"http://dbpedia.org/resource/Grime"	607
"http://dbpedia.org/resource/Grime_(music)"	608
"http://dbpedia.org/resource/Grindcore"	609
"http://dbpedia.org/resource/Grindie"	610
"http://dbpedia.org/resource/Groove_metal"	611
"http://dbpedia.org/resource/Groove_(music)"	612
"http://dbpedia.org/resource/GrooveRock"	613
"http://dbpedia.org/resource/Group_Sounds"	614
"http://dbpedia.org/resource/Grunge"	615
"http://dbpedia.org/resource/Grupera"	616
"http://dbpedia.org/resource/Guacarrock"	617
"http://dbpedia.org/resource/Guaguanc%C3%B3"	618
"http://dbpedia.org/resource/Guaracha"	619
"http://dbpedia.org/resource/Gurbani"	620
"http://dbpedia.org/resource/Gwerz"	621
"http://dbpedia.org/resource/Gypsy_jazz"	622
"http://dbpedia.org/resource/Gypsy_punk"	623
"http://dbpedia.org/resource/Gypsy_style"	624
"http://dbpedia.org/resource/Hamd"	625
"http://dbpedia.org/resource/Hammond_organ"	626
"http://dbpedia.org/resource/Hapa_haole_music"	627
"http://dbpedia.org/resource/Happy_hardcore"	628
"http://dbpedia.org/resource/Hard_bop"	629
"http://dbpedia.org/resource/Hardcore"	630
"http://dbpedia.org/resource/Hardcore_(electronic_dance_music_genre)"	631
"http://dbpedia.org/resource/Hardcore_hip_hop"	632
"http://dbpedia.org/resource/Hardcore_punk"	633
"http://dbpedia.org/resource/Hardcore_skinhead"	634
"http://dbpedia.org/resource/Hard_rock"	635
"http://dbpedia.org/resource/Hardstep"	636
"http://dbpedia.org/resource/Hardstyle"	637
"http://dbpedia.org/resource/Hard_trance"	638
"http://dbpedia.org/resource/Harmolodics"	639
"http://dbpedia.org/resource/Harmony"	640
"http://dbpedia.org/resource/Hauntology_(musical_genre)"	641
"http://dbpedia.org/resource/Heartland_rock"	642
"http://dbpedia.org/resource/Heavy_metal_music"	643
"http://dbpedia.org/resource/Highlife"	644
"http://dbpedia.org/resource/Hillbilly"	645
"http://dbpedia.org/resource/Hill_country_blues"	646
"http://dbpedia.org/resource/Hindustani_classical_music"	647
"http://dbpedia.org/resource/Hi-NRG"	648
"http://dbpedia.org/resource/Hip_hop"	649
"http://dbpedia.org/resource/Hip_hop_music"	650
"http://dbpedia.org/resource/Hip_hop_music_in_the_Pacific_Northwest"	651
"http://dbpedia.org/resource/Hip_hop_production"	652
"http://dbpedia.org/resource/Hip_hop_soul"	653
"http://dbpedia.org/resource/Hip_house"	654
"http://dbpedia.org/resource/Hip_Life"	655
"http://dbpedia.org/resource/Hipster_hop"	656
"http://dbpedia.org/resource/Hiragasy"	657
"http://dbpedia.org/resource/Historical_fiction"	658
"http://dbpedia.org/resource/History"	659
"http://dbpedia.org/resource/History_of_the_Mediterranean_region"	660
"http://dbpedia.org/resource/Hong_Kong_English_pop"	661
"http://dbpedia.org/resource/Hong_Kong_hip_hop"	662
"http://dbpedia.org/resource/Honky-tonk"	663
"http://dbpedia.org/resource/Horrorcore"	664
"http://dbpedia.org/resource/Horror_punk"	665
"http://dbpedia.org/resource/House"	666
"http://dbpedia.org/resource/House_music"	667
"http://dbpedia.org/resource/Huapango"	668
"http://dbpedia.org/resource/Human_voice"	669
"http://dbpedia.org/resource/Humour"	670
"http://dbpedia.org/resource/Hymn"	671
"http://dbpedia.org/resource/Hyphy"	672
"http://dbpedia.org/resource/Illbient"	673
"http://dbpedia.org/resource/Impressionist_(entertainment)"	674
"http://dbpedia.org/resource/Improvisation"	675
"http://dbpedia.org/resource/Improvisational_theatre"	676
"http://dbpedia.org/resource/Improv_Jazz"	677
"http://dbpedia.org/resource/Incidental_music"	678
"http://dbpedia.org/resource/Independent_music"	679
"http://dbpedia.org/resource/Indian_classical_music"	680
"http://dbpedia.org/resource/Indian_folk_music"	681
"http://dbpedia.org/resource/Indian_pop"	682
"http://dbpedia.org/resource/Indie_folk"	683
"http://dbpedia.org/resource/Indie_hip-hop"	684
"http://dbpedia.org/resource/Indielectro"	685
"http://dbpedia.org/resource/Indie_pop"	686
"http://dbpedia.org/resource/Indie_Pop_music"	687
"http://dbpedia.org/resource/Indie_rock"	688
"http://dbpedia.org/resource/Indie_Rock,_Folk,_Experimental"	689
"http://dbpedia.org/resource/Indie-roots_rock"	690
"http://dbpedia.org/resource/Indietronica"	691
"http://dbpedia.org/resource/Indigenous_Australian_music"	692
"http://dbpedia.org/resource/Indo_jazz"	693
"http://dbpedia.org/resource/Industrial_dance"	694
"http://dbpedia.org/resource/Industrial_hip_hop"	695
"http://dbpedia.org/resource/Industrial_metal"	696
"http://dbpedia.org/resource/Industrial_music"	697
"http://dbpedia.org/resource/Industrial_rock"	698
"http://dbpedia.org/resource/Inspiration"	699
"http://dbpedia.org/resource/Instrumental"	700
"http://dbpedia.org/resource/Instrumental_rock"	701
"http://dbpedia.org/resource/Insult_comedy"	702
"http://dbpedia.org/resource/Intelligent_dance_music"	703
"http://dbpedia.org/resource/Inuit_throat_singing"	704
"http://dbpedia.org/resource/Iranian_folk_music"	705
"http://dbpedia.org/resource/Iranian_hip_hop"	706
"http://dbpedia.org/resource/Irish_rebel_music"	707
"http://dbpedia.org/resource/Irish_rock"	708
"http://dbpedia.org/resource/Islam"	709
"http://dbpedia.org/resource/Islamic_music"	710
"http://dbpedia.org/resource/Israeli_rock"	711
"http://dbpedia.org/resource/Italian_popular_music"	712
"http://dbpedia.org/resource/Italian_progressive_rock"	713
"http://dbpedia.org/resource/Italian_rock"	714
"http://dbpedia.org/resource/Italo_dance"	715
"http://dbpedia.org/resource/Italo_disco"	716
"http://dbpedia.org/resource/Italo_house"	717
"http://dbpedia.org/resource/Jam_band"	718
"http://dbpedia.org/resource/Jangle_pop"	719
"http://dbpedia.org/resource/Jank-Pop"	720
"http://dbpedia.org/resource/Japan"	721
"http://dbpedia.org/resource/Japanese_hip_hop"	722
"http://dbpedia.org/resource/Japanese_jazz"	723
"http://dbpedia.org/resource/Japanese_reggae"	724
"http://dbpedia.org/resource/Japanoise"	725
"http://dbpedia.org/resource/Jazz"	726
"http://dbpedia.org/resource/Jazz_contemporary"	727
"http://dbpedia.org/resource/Jazz-funk"	728
"http://dbpedia.org/resource/Jazz_fusion"	729
"http://dbpedia.org/resource/Jazz_poetry"	730
"http://dbpedia.org/resource/Jazz_rap"	731
"http://dbpedia.org/resource/Jazzstep"	732
"http://dbpedia.org/resource/J-Core"	733
"http://dbpedia.org/resource/Jerkin'"	734
"http://dbpedia.org/resource/Jersey_Shore_sound"	735
"http://dbpedia.org/resource/Jesus_music"	736
"http://dbpedia.org/resource/Jewish_music"	737
"http://dbpedia.org/resource/Jimmy_Buffett"	738
"http://dbpedia.org/resource/Jit"	739
"http://dbpedia.org/resource/Joeson"	740
"http://dbpedia.org/resource/Joik"	741
"http://dbpedia.org/resource/Jorge_Galemire"	742
"http://dbpedia.org/resource/J-pop"	743
"http://dbpedia.org/resource/Jug_band"	744
"http://dbpedia.org/resource/Juke_joint_blues"	745
"http://dbpedia.org/resource/Jump_blues"	746
"http://dbpedia.org/resource/Jumpstyle"	747
"http://dbpedia.org/resource/Jungle"	748
"http://dbpedia.org/resource/Jungle_music"	749
"http://dbpedia.org/resource/Junkanoo"	750
"http://dbpedia.org/resource/Kafi"	751
"http://dbpedia.org/resource/Kan_ha_diskan"	752
"http://dbpedia.org/resource/Kay%C5%8Dkyoku"	753
"http://dbpedia.org/resource/Khaliji_Music"	754
"http://dbpedia.org/resource/Kindie_rock"	755
"http://dbpedia.org/resource/Kirana_gharana"	756
"http://dbpedia.org/resource/Kirtan"	757
"http://dbpedia.org/resource/Kizomba"	758
"http://dbpedia.org/resource/Klezmer"	759
"http://dbpedia.org/resource/Korean_hip_hop"	760
"http://dbpedia.org/resource/Korean_rock"	761
"http://dbpedia.org/resource/K-pop"	762
"http://dbpedia.org/resource/Krautrock"	763
"http://dbpedia.org/resource/Kuduro"	764
"http://dbpedia.org/resource/Kurdish_music"	765
"http://dbpedia.org/resource/La%C3%AFko"	766
"http://dbpedia.org/resource/Laika"	767
"http://dbpedia.org/resource/Lambada"	768
"http://dbpedia.org/resource/Latin"	769
"http://dbpedia.org/resource/Latin_Alternative"	770
"http://dbpedia.org/resource/Latin_American_music"	771
"http://dbpedia.org/resource/Latin_ballad"	772
"http://dbpedia.org/resource/Latin_hip_hop"	773
"http://dbpedia.org/resource/Latin_house"	774
"http://dbpedia.org/resource/Latin_jazz"	775
"http://dbpedia.org/resource/Latin_metal"	776
"http://dbpedia.org/resource/Latin_pop"	777
"http://dbpedia.org/resource/Latin_soul"	778
"http://dbpedia.org/resource/Latin_tech_house"	779
"http://dbpedia.org/resource/Left-wing_politics"	780
"http://dbpedia.org/resource/Levenslied"	781
"http://dbpedia.org/resource/LGBT_hip_hop"	782
"http://dbpedia.org/resource/Light_Classical"	783
"http://dbpedia.org/resource/Light_music"	784
"http://dbpedia.org/resource/Liquid_funk"	785
"http://dbpedia.org/resource/List_of_Caribbean_music_genres"	786
"http://dbpedia.org/resource/List_of_Christian_dance,_electronic,_and_techno_artists"	787
"http://dbpedia.org/resource/List_of_cultural_references_to_A_Clockwork_Orange"	788
"http://dbpedia.org/resource/List_of_Swedish_indie_pop_artists"	789
"http://dbpedia.org/resource/List_of_vocal_groups"	790
"http://dbpedia.org/resource/Literary_criticism"	791
"http://dbpedia.org/resource/Liturgical_music"	792
"http://dbpedia.org/resource/Live_electronic_music"	793
"http://dbpedia.org/resource/Livetronica"	794
"http://dbpedia.org/resource/Lo-Fi-DIY-Indie-Pop-Core,_Beat_Poetry"	795
"http://dbpedia.org/resource/Lo-fi_music"	796
"http://dbpedia.org/resource/Lollywood"	797
"http://dbpedia.org/resource/Loop_(music)"	798
"http://dbpedia.org/resource/Louisiana_blues"	799
"http://dbpedia.org/resource/Lounge"	800
"http://dbpedia.org/resource/Lounge_music"	801
"http://dbpedia.org/resource/Lovers_rock"	802
"http://dbpedia.org/resource/Low_Bap"	803
"http://dbpedia.org/resource/Low_fidelity"	804
"http://dbpedia.org/resource/Low_rock"	805
"http://dbpedia.org/resource/Lubbock_sound"	806
"http://dbpedia.org/resource/Luk_thung"	807
"http://dbpedia.org/resource/Lyric_poetry"	808
"http://dbpedia.org/resource/Lyrics"	809
"http://dbpedia.org/resource/Madchester"	810
"http://dbpedia.org/resource/Madrigal"	811
"http://dbpedia.org/resource/Mainstream_hardcore"	812
"http://dbpedia.org/resource/Mainstream_jazz"	813
"http://dbpedia.org/resource/Mainstream_rock"	814
"http://dbpedia.org/resource/Makossa"	815
"http://dbpedia.org/resource/Mambo_(music)"	816
"http://dbpedia.org/resource/Mandinka_people"	817
"http://dbpedia.org/resource/Mandopop"	818
"http://dbpedia.org/resource/Mangue_Bit"	819
"http://dbpedia.org/resource/Manila_Sound"	820
"http://dbpedia.org/resource/Marabi"	821
"http://dbpedia.org/resource/March_(music)"	822
"http://dbpedia.org/resource/Mardi_Gras_Indians"	823
"http://dbpedia.org/resource/Mariachi"	824
"http://dbpedia.org/resource/Marrabenta"	825
"http://dbpedia.org/resource/Martial_industrial"	826
"http://dbpedia.org/resource/Martial_music"	827
"http://dbpedia.org/resource/Mashup_(music)"	828
"http://dbpedia.org/resource/Maskanda"	829
"http://dbpedia.org/resource/Mathcore"	830
"http://dbpedia.org/resource/Math_rock"	831
"http://dbpedia.org/resource/Maxixe_(dance)"	832
"http://dbpedia.org/resource/Mbalax"	833
"http://dbpedia.org/resource/Mbaqanga"	834
"http://dbpedia.org/resource/M-Base"	835
"http://dbpedia.org/resource/M%C3%BAsica_criolla"	836
"http://dbpedia.org/resource/M%C3%BAsica_popular_brasileira"	837
"http://dbpedia.org/resource/M%C3%BAsica_sertaneja"	838
"http://dbpedia.org/resource/Medieval_folk_rock"	839
"http://dbpedia.org/resource/Medieval_metal"	840
"http://dbpedia.org/resource/Medieval_music"	841
"http://dbpedia.org/resource/Medieval_rock"	842
"http://dbpedia.org/resource/Melancholy_trance"	843
"http://dbpedia.org/resource/Melange"	844
"http://dbpedia.org/resource/Melodic_death_metal"	845
"http://dbpedia.org/resource/Melodic_Death-Metal"	846
"http://dbpedia.org/resource/Melodic_funk"	847
"http://dbpedia.org/resource/Melodic_hardcore"	848
"http://dbpedia.org/resource/Melodic_Math-Metal"	849
"http://dbpedia.org/resource/Melodic_metalcore"	850
"http://dbpedia.org/resource/Melodramatic_Pop"	851
"http://dbpedia.org/resource/Melody"	852
"http://dbpedia.org/resource/Memphis_blues"	853
"http://dbpedia.org/resource/Memphis_soul"	854
"http://dbpedia.org/resource/Merengue_music"	855
"http://dbpedia.org/resource/Metal"	856
"http://dbpedia.org/resource/Metalcore"	857
"http://dbpedia.org/resource/Mexican_cumbia"	858
"http://dbpedia.org/resource/Mexican_pop_music"	859
"http://dbpedia.org/resource/Mexican_rock_music"	860
"http://dbpedia.org/resource/Miami_bass"	861
"http://dbpedia.org/resource/Microhouse"	862
"http://dbpedia.org/resource/Microsound"	863
"http://dbpedia.org/resource/Middle_Eastern_music"	864
"http://dbpedia.org/resource/Middle_of_the_road_(music)"	865
"http://dbpedia.org/resource/Midwest_hip_hop"	866
"http://dbpedia.org/resource/Milonga_(music)"	867
"http://dbpedia.org/resource/Minimalism"	868
"http://dbpedia.org/resource/Minimal_music"	869
"http://dbpedia.org/resource/Minimal_techno"	870
"http://dbpedia.org/resource/Minimal_wave"	871
"http://dbpedia.org/resource/Minneapolis_sound"	872
"http://dbpedia.org/resource/Modal_jazz"	873
"http://dbpedia.org/resource/Modern_Edge_Metal"	874
"http://dbpedia.org/resource/Modern_rock"	875
"http://dbpedia.org/resource/Mod_revival"	876
"http://dbpedia.org/resource/Mod_(subculture)"	877
"http://dbpedia.org/resource/Monologue"	878
"http://dbpedia.org/resource/Mood_Music"	879
"http://dbpedia.org/resource/Moombahcore"	880
"http://dbpedia.org/resource/Moombahton"	881
"http://dbpedia.org/resource/Moonraisers"	882
"http://dbpedia.org/resource/Morna_(music)"	883
"http://dbpedia.org/resource/Motown"	884
"http://dbpedia.org/resource/Multimedia_artist"	885
"http://dbpedia.org/resource/Mundart"	886
"http://dbpedia.org/resource/Murga"	887
"http://dbpedia.org/resource/Musical_ensemble"	888
"http://dbpedia.org/resource/Musical_film"	889
"http://dbpedia.org/resource/Musical_improvisation"	890
"http://dbpedia.org/resource/Musical_theatre"	891
"http://dbpedia.org/resource/Music_and_politics"	892
"http://dbpedia.org/resource/Music_hall"	893
"http://dbpedia.org/resource/Music_in_the_Tyva_Republic"	894
"http://dbpedia.org/resource/Music_of_Africa"	895
"http://dbpedia.org/resource/Music_of_ancient_Greece"	896
"http://dbpedia.org/resource/Music_of_Bollywood"	897
"http://dbpedia.org/resource/Music_of_Brazil"	898
"http://dbpedia.org/resource/Music_of_Brittany"	899
"http://dbpedia.org/resource/Music_of_Bulgaria"	900
"http://dbpedia.org/resource/Music_of_Burma"	901
"http://dbpedia.org/resource/Music_of_Cambodia"	902
"http://dbpedia.org/resource/Music_of_Chile"	903
"http://dbpedia.org/resource/Music_of_Costa_Rica"	904
"http://dbpedia.org/resource/Music_of_Cuba"	905
"http://dbpedia.org/resource/Music_of_Detroit"	906
"http://dbpedia.org/resource/Music_of_Egypt"	907
"http://dbpedia.org/resource/Music_of_Ethiopia"	908
"http://dbpedia.org/resource/Music_of_Greece"	909
"http://dbpedia.org/resource/Music_of_Guinea"	910
"http://dbpedia.org/resource/Music_of_Hawaii"	911
"http://dbpedia.org/resource/Music_of_Iceland"	912
"http://dbpedia.org/resource/Music_of_India"	913
"http://dbpedia.org/resource/Music_of_Indonesia"	914
"http://dbpedia.org/resource/Music_of_Iran"	915
"http://dbpedia.org/resource/Music_of_Ireland"	916
"http://dbpedia.org/resource/Music_of_Israel"	917
"http://dbpedia.org/resource/Music_of_Italy"	918
"http://dbpedia.org/resource/Music_of_Japan"	919
"http://dbpedia.org/resource/Music_of_Java"	920
"http://dbpedia.org/resource/Music_of_Korea"	921
"http://dbpedia.org/resource/Music_of_Lebanon"	922
"http://dbpedia.org/resource/Music_of_Malawi"	923
"http://dbpedia.org/resource/Music_of_Mali"	924
"http://dbpedia.org/resource/Music_of_Mongolia"	925
"http://dbpedia.org/resource/Music_of_Morocco"	926
"http://dbpedia.org/resource/Music_of_Naples"	927
"http://dbpedia.org/resource/Music_of_New_Orleans"	928
"http://dbpedia.org/resource/Music_of_Norway"	929
"http://dbpedia.org/resource/Music_of_Peru"	930
"http://dbpedia.org/resource/Music_of_Portugal"	931
"http://dbpedia.org/resource/Music_of_Puerto_Rico"	932
"http://dbpedia.org/resource/Music_of_Punjab"	933
"http://dbpedia.org/resource/Music_of_Quebec"	934
"http://dbpedia.org/resource/Music_of_Scotland"	935
"http://dbpedia.org/resource/Music_of_Senegal"	936
"http://dbpedia.org/resource/Music_of_Serbia"	937
"http://dbpedia.org/resource/Music_of_Somalia"	938
"http://dbpedia.org/resource/Music_of_Southeastern_Europe"	939
"http://dbpedia.org/resource/Music_of_the_Philippines"	940
"http://dbpedia.org/resource/Music_of_Turkey"	941
"http://dbpedia.org/resource/Music_of_Venezuela"	942
"http://dbpedia.org/resource/Music_of_Wales"	943
"http://dbpedia.org/resource/Musik_pop"	944
"http://dbpedia.org/resource/Musique_concr%C3%A8te"	945
"http://dbpedia.org/resource/Naat"	946
"http://dbpedia.org/resource/Nap"	947
"http://dbpedia.org/resource/Nardcore"	948
"http://dbpedia.org/resource/Nashville_sound"	949
"http://dbpedia.org/resource/National_Socialist_black_metal"	950
"http://dbpedia.org/resource/Native_American_music"	951
"http://dbpedia.org/resource/Nazi_Rock"	952
"http://dbpedia.org/resource/N%C3%A9o-trad"	953
"http://dbpedia.org/resource/Nederbeat"	954
"http://dbpedia.org/resource/Nederpop"	955
"http://dbpedia.org/resource/Neo-bop_jazz"	956
"http://dbpedia.org/resource/Neo_Classic"	957
"http://dbpedia.org/resource/Neoclassical_dark_wave"	958
"http://dbpedia.org/resource/Neoclassical_metal"	959
"http://dbpedia.org/resource/Neoclassical_new_age"	960
"http://dbpedia.org/resource/Neoclassicism_(music)"	961
"http://dbpedia.org/resource/Neofolk"	962
"http://dbpedia.org/resource/Neo-Medieval_music"	963
"http://dbpedia.org/resource/Neo-progressive_rock"	964
"http://dbpedia.org/resource/Neo-psychedelia"	965
"http://dbpedia.org/resource/Neo_soul"	966
"http://dbpedia.org/resource/Neotango"	967
"http://dbpedia.org/resource/Neotraditional_country"	968
"http://dbpedia.org/resource/Neo-Victorian"	969
"http://dbpedia.org/resource/Nerdcore"	970
"http://dbpedia.org/resource/Netherlands"	971
"http://dbpedia.org/resource/Neue_Deutsche_H%C3%A4rte"	972
"http://dbpedia.org/resource/Neue_Deutsche_Todeskunst"	973
"http://dbpedia.org/resource/Neue_Deutsche_Welle"	974
"http://dbpedia.org/resource/Neurofunk"	975
"http://dbpedia.org/resource/New_Acoustic_Music"	976
"http://dbpedia.org/resource/New_Age"	977
"http://dbpedia.org/resource/New-age_music"	978
"http://dbpedia.org/resource/New_Beat"	979
"http://dbpedia.org/resource/New_Classical_architecture"	980
"http://dbpedia.org/resource/New_Flamenco"	981
"http://dbpedia.org/resource/New_jack_swing"	982
"http://dbpedia.org/resource/New_Orleans_blues"	983
"http://dbpedia.org/resource/New_Orleans_rhythm_and_blues"	984
"http://dbpedia.org/resource/New_Primitivism"	985
"http://dbpedia.org/resource/New_rave"	986
"http://dbpedia.org/resource/New_Romanticism"	987
"http://dbpedia.org/resource/New_school_hip_hop"	988
"http://dbpedia.org/resource/News_satire"	989
"http://dbpedia.org/resource/New_Wave"	990
"http://dbpedia.org/resource/New_wave_music"	991
"http://dbpedia.org/resource/New_Wave_music_in_Yugoslavia"	992
"http://dbpedia.org/resource/New_Weird_America"	993
"http://dbpedia.org/resource/New_York_blues"	994
"http://dbpedia.org/resource/New_York_hardcore"	995
"http://dbpedia.org/resource/New_Zealand_hip_hop"	996
"http://dbpedia.org/resource/Nintendocore"	997
"http://dbpedia.org/resource/Nintendo_Entertainment_System"	998
"http://dbpedia.org/resource/Noise"	999
"http://dbpedia.org/resource/Noisecore"	1000
"http://dbpedia.org/resource/Noise_music"	1001
"http://dbpedia.org/resource/Noise_pop"	1002
"http://dbpedia.org/resource/Noise_rock"	1003
"http://dbpedia.org/resource/Non-fiction"	1004
"http://dbpedia.org/resource/Non_sequitur_(literary_device)"	1005
"http://dbpedia.org/resource/Nordic_folk_music"	1006
"http://dbpedia.org/resource/Nortec"	1007
"http://dbpedia.org/resource/Norte%C3%B1o_(music)"	1008
"http://dbpedia.org/resource/Northern_soul"	1009
"http://dbpedia.org/resource/Nouveau_Flamenco"	1010
"http://dbpedia.org/resource/Nouvelle_Chanson"	1011
"http://dbpedia.org/resource/Nova_Can%C3%A7%C3%B3"	1012
"http://dbpedia.org/resource/Novel"	1013
"http://dbpedia.org/resource/Novelty_song"	1014
"http://dbpedia.org/resource/No_wave"	1015
"http://dbpedia.org/resource/N_skool_breaks"	1016
"http://dbpedia.org/resource/Nu-disco"	1017
"http://dbpedia.org/resource/Nueva_canci%C3%B3n"	1018
"http://dbpedia.org/resource/Nueva_trova"	1019
"http://dbpedia.org/resource/Nuevo_tango"	1020
"http://dbpedia.org/resource/Nu-funk"	1021
"http://dbpedia.org/resource/Nu_gaze"	1022
"http://dbpedia.org/resource/Nu_jazz"	1023
"http://dbpedia.org/resource/Nu_metal"	1024
"http://dbpedia.org/resource/Oblique_Strategies"	1025
"http://dbpedia.org/resource/Observational_comedy"	1026
"http://dbpedia.org/resource/Off-color_humor"	1027
"http://dbpedia.org/resource/Oi!"	1028
"http://dbpedia.org/resource/Okinawan_music"	1029
"http://dbpedia.org/resource/Oldies"	1030
"http://dbpedia.org/resource/Old-school_hip_hop"	1031
"http://dbpedia.org/resource/Oldschool_jungle"	1032
"http://dbpedia.org/resource/Old_Style_and_New_Style_dates"	1033
"http://dbpedia.org/resource/Old_Time"	1034
"http://dbpedia.org/resource/Old-time_music"	1035
"http://dbpedia.org/resource/One-line_joke"	1036
"http://dbpedia.org/resource/One-man_band"	1037
"http://dbpedia.org/resource/Opera"	1038
"http://dbpedia.org/resource/Opera_(Andrea_Bocelli_album)"	1039
"http://dbpedia.org/resource/Operatic_pop"	1040
"http://dbpedia.org/resource/Orchestra"	1041
"http://dbpedia.org/resource/Orchestral_jazz"	1042
"http://dbpedia.org/resource/Orient"	1043
"http://dbpedia.org/resource/Oriental_Rock"	1044
"http://dbpedia.org/resource/Ottoman_classical_music"	1045
"http://dbpedia.org/resource/Oud"	1046
"http://dbpedia.org/resource/Outlaw_country"	1047
"http://dbpedia.org/resource/Outsider_music"	1048
"http://dbpedia.org/resource/Overtone_singing"	1049
"http://dbpedia.org/resource/Pachanga"	1050
"http://dbpedia.org/resource/Pagan_metal"	1051
"http://dbpedia.org/resource/Pagan_rock"	1052
"http://dbpedia.org/resource/Pagode"	1053
"http://dbpedia.org/resource/Paisley_Underground"	1054
"http://dbpedia.org/resource/Palm_Desert_Scene"	1055
"http://dbpedia.org/resource/Parody"	1056
"http://dbpedia.org/resource/Parody_music"	1057
"http://dbpedia.org/resource/Pasillo"	1058
"http://dbpedia.org/resource/Pastiche"	1059
"http://dbpedia.org/resource/Patriotic_song"	1060
"http://dbpedia.org/resource/Payada"	1061
"http://dbpedia.org/resource/PBR&B"	1062
"http://dbpedia.org/resource/Pentecostalism"	1063
"http://dbpedia.org/resource/Percussion_instrument"	1064
"http://dbpedia.org/resource/Performance_art"	1065
"http://dbpedia.org/resource/Persian_pop_music"	1066
"http://dbpedia.org/resource/Persian_pop_&_traditional/classical_music"	1067
"http://dbpedia.org/resource/Persian_traditional_music"	1068
"http://dbpedia.org/resource/P-Funk"	1069
"http://dbpedia.org/resource/Philadelphia_soul"	1070
"http://dbpedia.org/resource/Philosophy"	1071
"http://dbpedia.org/resource/Physical_comedy"	1072
"http://dbpedia.org/resource/Piano"	1073
"http://dbpedia.org/resource/Piano_blues"	1074
"http://dbpedia.org/resource/Piano_rock"	1075
"http://dbpedia.org/resource/Picture_book"	1076
"http://dbpedia.org/resource/Piedmont_blues"	1077
"http://dbpedia.org/resource/Pinoy_pop"	1078
"http://dbpedia.org/resource/Pinoy_rock"	1079
"http://dbpedia.org/resource/Pizza_Theatre"	1080
"http://dbpedia.org/resource/Pizzica"	1081
"http://dbpedia.org/resource/Playback_singer"	1082
"http://dbpedia.org/resource/Play_(theatre)"	1083
"http://dbpedia.org/resource/Playwright"	1084
"http://dbpedia.org/resource/Plunderphonics"	1085
"http://dbpedia.org/resource/Poetry"	1086
"http://dbpedia.org/resource/Poetry_slam"	1087
"http://dbpedia.org/resource/Political_hip_hop"	1088
"http://dbpedia.org/resource/Political_satire"	1089
"http://dbpedia.org/resource/Politics"	1090
"http://dbpedia.org/resource/Polka"	1091
"http://dbpedia.org/resource/Pop"	1092
"http://dbpedia.org/resource/Pop_commercial"	1093
"http://dbpedia.org/resource/Pop-folk"	1094
"http://dbpedia.org/resource/Pop_Jazz"	1095
"http://dbpedia.org/resource/Pop_music"	1096
"http://dbpedia.org/resource/Pop-noir"	1097
"http://dbpedia.org/resource/Pop_punk"	1098
"http://dbpedia.org/resource/Pop-rap"	1099
"http://dbpedia.org/resource/Pop_rock"	1100
"http://dbpedia.org/resource/Popular_music"	1101
"http://dbpedia.org/resource/Pornogrind"	1102
"http://dbpedia.org/resource/Porro"	1103
"http://dbpedia.org/resource/Positive_hardcore"	1104
"http://dbpedia.org/resource/Post-bop"	1105
"http://dbpedia.org/resource/Post-Britpop"	1106
"http://dbpedia.org/resource/Post-disco"	1107
"http://dbpedia.org/resource/Post-grunge"	1108
"http://dbpedia.org/resource/Post-hardcore"	1109
"http://dbpedia.org/resource/Post-industrial_music"	1110
"http://dbpedia.org/resource/Post-industrial_society"	1111
"http://dbpedia.org/resource/Post-metal"	1112
"http://dbpedia.org/resource/Postminimalism"	1113
"http://dbpedia.org/resource/Post_minimalism"	1114
"http://dbpedia.org/resource/Postmodern_music"	1115
"http://dbpedia.org/resource/Post-punk"	1116
"http://dbpedia.org/resource/Post-punk_revival"	1117
"http://dbpedia.org/resource/Post-rock"	1118
"http://dbpedia.org/resource/Power_electronics_(music)"	1119
"http://dbpedia.org/resource/Power_metal"	1120
"http://dbpedia.org/resource/Power_noise"	1121
"http://dbpedia.org/resource/Power_pop"	1122
"http://dbpedia.org/resource/Powerviolence"	1123
"http://dbpedia.org/resource/Prague_underground_(culture)"	1124
"http://dbpedia.org/resource/Prank_call"	1125
"http://dbpedia.org/resource/Process_music"	1126
"http://dbpedia.org/resource/Production_music"	1127
"http://dbpedia.org/resource/Progg"	1128
"http://dbpedia.org/resource/Progressive_bluegrass"	1129
"http://dbpedia.org/resource/Progressive_country"	1130
"http://dbpedia.org/resource/Progressive_folk_music"	1131
"http://dbpedia.org/resource/Progressive_global_fusion"	1132
"http://dbpedia.org/resource/Progressive_house"	1133
"http://dbpedia.org/resource/Progressive_metal"	1134
"http://dbpedia.org/resource/Progressive_punk"	1135
"http://dbpedia.org/resource/Progressive_rock"	1136
"http://dbpedia.org/resource/Prose_poetry"	1137
"http://dbpedia.org/resource/Protest_art"	1138
"http://dbpedia.org/resource/Protest_song"	1139
"http://dbpedia.org/resource/Protopunk"	1140
"http://dbpedia.org/resource/Psychedelia"	1141
"http://dbpedia.org/resource/Psychedelic_country"	1142
"http://dbpedia.org/resource/Psychedelic_folk"	1143
"http://dbpedia.org/resource/Psychedelic_music"	1144
"http://dbpedia.org/resource/Psychedelic_pop"	1145
"http://dbpedia.org/resource/Psychedelic_rock"	1146
"http://dbpedia.org/resource/Psychedelic_soul"	1147
"http://dbpedia.org/resource/Psychedelic_trance"	1148
"http://dbpedia.org/resource/Psychobilly"	1149
"http://dbpedia.org/resource/Psychology"	1150
"http://dbpedia.org/resource/Psych-Surf_Rock"	1151
"http://dbpedia.org/resource/Pub_rock_(Australia)"	1152
"http://dbpedia.org/resource/Pub_rock_(United_Kingdom)"	1153
"http://dbpedia.org/resource/Punjabi_culture"	1154
"http://dbpedia.org/resource/Punjabi_(music)"	1155
"http://dbpedia.org/resource/Punjabi_people"	1156
"http://dbpedia.org/resource/Punk"	1157
"http://dbpedia.org/resource/Punk_blues"	1158
"http://dbpedia.org/resource/Punk_jazz"	1159
"http://dbpedia.org/resource/Punk_pathetique"	1160
"http://dbpedia.org/resource/Punk_rock"	1161
"http://dbpedia.org/resource/Punk_subculture"	1162
"http://dbpedia.org/resource/Puppetry"	1163
"http://dbpedia.org/resource/Qawwali"	1164
"http://dbpedia.org/resource/Queercore"	1165
"http://dbpedia.org/resource/Quiet_storm"	1166
"http://dbpedia.org/resource/Quirky_music"	1167
"http://dbpedia.org/resource/Ra%C3%AF"	1168
"http://dbpedia.org/resource/Raga_rock"	1169
"http://dbpedia.org/resource/Ragga"	1170
"http://dbpedia.org/resource/Ragga_jungle"	1171
"http://dbpedia.org/resource/Ragtime"	1172
"http://dbpedia.org/resource/Rakugo"	1173
"http://dbpedia.org/resource/Ranchera"	1174
"http://dbpedia.org/resource/Rapcore"	1175
"http://dbpedia.org/resource/Rap_metal"	1176
"http://dbpedia.org/resource/Rap_opera"	1177
"http://dbpedia.org/resource/Rapping"	1178
"http://dbpedia.org/resource/Rap_rock"	1179
"http://dbpedia.org/resource/Rare_groove"	1180
"http://dbpedia.org/resource/Rautalanka"	1181
"http://dbpedia.org/resource/Rave"	1182
"http://dbpedia.org/resource/Rave_music"	1183
"http://dbpedia.org/resource/Rebetiko"	1184
"http://dbpedia.org/resource/Red_Dirt_(music)"	1185
"http://dbpedia.org/resource/Reggae"	1186
"http://dbpedia.org/resource/Reggae_en_Espa%C3%B1ol"	1187
"http://dbpedia.org/resource/Reggae_fusion"	1188
"http://dbpedia.org/resource/Reggae_rock"	1189
"http://dbpedia.org/resource/Reggaeton"	1190
"http://dbpedia.org/resource/Regional_Mexican"	1191
"http://dbpedia.org/resource/Regional_Mexicano"	1192
"http://dbpedia.org/resource/Religious_music"	1193
"http://dbpedia.org/resource/Remix"	1194
"http://dbpedia.org/resource/Retro_Filmi"	1195
"http://dbpedia.org/resource/Retro_Rock"	1196
"http://dbpedia.org/resource/Retro_style"	1197
"http://dbpedia.org/resource/Revival_rock"	1198
"http://dbpedia.org/resource/Revue"	1199
"http://dbpedia.org/resource/Rhythm_and_blues"	1200
"http://dbpedia.org/resource/Ribaldry"	1201
"http://dbpedia.org/resource/Richter-tuned_harmonica"	1202
"http://dbpedia.org/resource/Riot_grrrl"	1203
"http://dbpedia.org/resource/Rockabilly"	1204
"http://dbpedia.org/resource/Rock_Against_Communism"	1205
"http://dbpedia.org/resource/Rock_and_alternative_music_in_Iran"	1206
"http://dbpedia.org/resource/Rock_and_roll"	1207
"http://dbpedia.org/resource/Rock_and_roll_revival"	1208
"http://dbpedia.org/resource/Rock_catal%C3%A0"	1209
"http://dbpedia.org/resource/Rock_en_Espa%C3%B1ol"	1210
"http://dbpedia.org/resource/Rock_in_Opposition"	1211
"http://dbpedia.org/resource/Rock_latino"	1212
"http://dbpedia.org/resource/Rock_music"	1213
"http://dbpedia.org/resource/Rock_noir"	1214
"http://dbpedia.org/resource/Rock_opera"	1215
"http://dbpedia.org/resource/Rocksteady"	1216
"http://dbpedia.org/resource/Romance_film"	1217
"http://dbpedia.org/resource/Romance_(music)"	1218
"http://dbpedia.org/resource/Romanian_popular_music"	1219
"http://dbpedia.org/resource/Romani_music"	1220
"http://dbpedia.org/resource/Romanticism"	1221
"http://dbpedia.org/resource/Romantic_music"	1222
"http://dbpedia.org/resource/Romantic_rock"	1223
"http://dbpedia.org/resource/Romo"	1224
"http://dbpedia.org/resource/Romvong"	1225
"http://dbpedia.org/resource/Root_(disambiguation)"	1226
"http://dbpedia.org/resource/Roots_reggae"	1227
"http://dbpedia.org/resource/Roots_revival"	1228
"http://dbpedia.org/resource/Roots_rock"	1229
"http://dbpedia.org/resource/Rotrock"	1230
"http://dbpedia.org/resource/Rumba"	1231
"http://dbpedia.org/resource/Russian_pop"	1232
"http://dbpedia.org/resource/Russian_rock"	1233
"http://dbpedia.org/resource/Sacred_Steel_(musical_tradition)"	1234
"http://dbpedia.org/resource/Sadcore"	1235
"http://dbpedia.org/resource/Salegy"	1236
"http://dbpedia.org/resource/Salsa_music"	1237
"http://dbpedia.org/resource/Samba"	1238
"http://dbpedia.org/resource/Samba-can%C3%A7%C3%A3o"	1239
"http://dbpedia.org/resource/Samba_de_Gafieira"	1240
"http://dbpedia.org/resource/Samba_jazz"	1241
"http://dbpedia.org/resource/Samba-Joia"	1242
"http://dbpedia.org/resource/Samba_reggae"	1243
"http://dbpedia.org/resource/Samba_rock"	1244
"http://dbpedia.org/resource/Sami_languages"	1245
"http://dbpedia.org/resource/Saravan"	1246
"http://dbpedia.org/resource/Sarcasm"	1247
"http://dbpedia.org/resource/Satire"	1248
"http://dbpedia.org/resource/Scat_singing"	1249
"http://dbpedia.org/resource/Schlager_music"	1250
"http://dbpedia.org/resource/Science"	1251
"http://dbpedia.org/resource/Science_fiction"	1252
"http://dbpedia.org/resource/Scottish_Gaelic_punk"	1253
"http://dbpedia.org/resource/Screamo"	1254
"http://dbpedia.org/resource/Scrumpy_and_Western"	1255
"http://dbpedia.org/resource/Seapunk"	1256
"http://dbpedia.org/resource/Sea_shanty"	1257
"http://dbpedia.org/resource/Second_line_(parades)"	1258
"http://dbpedia.org/resource/Self-deprecation"	1259
"http://dbpedia.org/resource/Semiclassical"	1260
"http://dbpedia.org/resource/Sephardic_music"	1261
"http://dbpedia.org/resource/Serbian_hip_hop"	1262
"http://dbpedia.org/resource/Session_musician"	1263
"http://dbpedia.org/resource/Shibuya-kei"	1264
"http://dbpedia.org/resource/Shock_rock"	1265
"http://dbpedia.org/resource/Shoegazing"	1266
"http://dbpedia.org/resource/Show_tune"	1267
"http://dbpedia.org/resource/Singer-songwriter"	1268
"http://dbpedia.org/resource/Sitcom"	1269
"http://dbpedia.org/resource/Ska"	1270
"http://dbpedia.org/resource/Ska_punk"	1271
"http://dbpedia.org/resource/Skate_punk"	1272
"http://dbpedia.org/resource/Sketch_comedy"	1273
"http://dbpedia.org/resource/Skiffle"	1274
"http://dbpedia.org/resource/Skweee"	1275
"http://dbpedia.org/resource/Slapstick"	1276
"http://dbpedia.org/resource/Slide_guitar"	1277
"http://dbpedia.org/resource/Slovenian-style_polka"	1278
"http://dbpedia.org/resource/Slowcore"	1279
"http://dbpedia.org/resource/Sludge_metal"	1280
"http://dbpedia.org/resource/Smooth_jazz"	1281
"http://dbpedia.org/resource/Smooth_soul"	1282
"http://dbpedia.org/resource/Snap_music"	1283
"http://dbpedia.org/resource/Soca_music"	1284
"http://dbpedia.org/resource/Social_commentary"	1285
"http://dbpedia.org/resource/Social_psychology"	1286
"http://dbpedia.org/resource/Soft_punk"	1287
"http://dbpedia.org/resource/Soft_rock"	1288
"http://dbpedia.org/resource/Sola"	1289
"http://dbpedia.org/resource/Son"	1290
"http://dbpedia.org/resource/Song"	1291
"http://dbpedia.org/resource/Songwriter"	1292
"http://dbpedia.org/resource/Sonidero"	1293
"http://dbpedia.org/resource/Son_montuno"	1294
"http://dbpedia.org/resource/Son_(music)"	1295
"http://dbpedia.org/resource/Sophisti-pop"	1296
"http://dbpedia.org/resource/Soukous"	1297
"http://dbpedia.org/resource/Soul"	1298
"http://dbpedia.org/resource/Soul_blues"	1299
"http://dbpedia.org/resource/Soul_jazz"	1300
"http://dbpedia.org/resource/Soul_music"	1301
"http://dbpedia.org/resource/Soul,_R&B"	1302
"http://dbpedia.org/resource/Sound-alike"	1303
"http://dbpedia.org/resource/Sound_collage"	1304
"http://dbpedia.org/resource/Sound_system_(Jamaican)"	1305
"http://dbpedia.org/resource/Soundtrack"	1306
"http://dbpedia.org/resource/Soundtracks"	1307
"http://dbpedia.org/resource/South_African_jazz"	1308
"http://dbpedia.org/resource/Southern_Gospel"	1309
"http://dbpedia.org/resource/Southern_Gothic"	1310
"http://dbpedia.org/resource/Southern_hip_hop"	1311
"http://dbpedia.org/resource/Southern_rock"	1312
"http://dbpedia.org/resource/Southern_soul"	1313
"http://dbpedia.org/resource/Space_age_pop"	1314
"http://dbpedia.org/resource/Space_disco"	1315
"http://dbpedia.org/resource/Space_music"	1316
"http://dbpedia.org/resource/Space_Pop"	1317
"http://dbpedia.org/resource/Space_rock"	1318
"http://dbpedia.org/resource/Space-themed_music"	1319
"http://dbpedia.org/resource/Spanish_guitar"	1320
"http://dbpedia.org/resource/Spanish_hip_hop"	1321
"http://dbpedia.org/resource/Speedcore"	1322
"http://dbpedia.org/resource/Speed_garage"	1323
"http://dbpedia.org/resource/Speed_metal"	1324
"http://dbpedia.org/resource/Speed/Thrash_metal"	1325
"http://dbpedia.org/resource/Spirituality"	1326
"http://dbpedia.org/resource/Spiritual_(music)"	1327
"http://dbpedia.org/resource/Spoken_word"	1328
"http://dbpedia.org/resource/Sports_journalism"	1329
"http://dbpedia.org/resource/Spy_music"	1330
"http://dbpedia.org/resource/Standard_(music)"	1331
"http://dbpedia.org/resource/Stand-up_comedy"	1332
"http://dbpedia.org/resource/Steampunk"	1333
"http://dbpedia.org/resource/Stoner_rock"	1334
"http://dbpedia.org/resource/Storytelling"	1335
"http://dbpedia.org/resource/Straight-ahead_jazz"	1336
"http://dbpedia.org/resource/Straight_edge"	1337
"http://dbpedia.org/resource/Street_performance"	1338
"http://dbpedia.org/resource/Street_punk"	1339
"http://dbpedia.org/resource/Stride_(music)"	1340
"http://dbpedia.org/resource/String_quartet"	1341
"http://dbpedia.org/resource/Sufi_music"	1342
"http://dbpedia.org/resource/Sufi_rock"	1343
"http://dbpedia.org/resource/Sufism"	1344
"http://dbpedia.org/resource/Sung_poetry"	1345
"http://dbpedia.org/resource/Sunshine_pop"	1346
"http://dbpedia.org/resource/Supernatural"	1347
"http://dbpedia.org/resource/Surf_music"	1348
"http://dbpedia.org/resource/Surreal_humour"	1349
"http://dbpedia.org/resource/Surrealism"	1350
"http://dbpedia.org/resource/Swamp_blues"	1351
"http://dbpedia.org/resource/Swamp_Blues"	1352
"http://dbpedia.org/resource/Swamp_pop"	1353
"http://dbpedia.org/resource/Swamp_Tech"	1354
"http://dbpedia.org/resource/Swedish_folk_music"	1355
"http://dbpedia.org/resource/Swing_(jazz_performance_style)"	1356
"http://dbpedia.org/resource/Swing_music"	1357
"http://dbpedia.org/resource/Swing_revival"	1358
"http://dbpedia.org/resource/Swiss_hip_hop"	1359
"http://dbpedia.org/resource/Symphonic_black_metal"	1360
"http://dbpedia.org/resource/Symphonic_metal"	1361
"http://dbpedia.org/resource/Symphonic_rock"	1362
"http://dbpedia.org/resource/Symphonic_techno"	1363
"http://dbpedia.org/resource/Symphonie"	1364
"http://dbpedia.org/resource/Symphony"	1365
"http://dbpedia.org/resource/Synthesizer"	1366
"http://dbpedia.org/resource/Synthpop"	1367
"http://dbpedia.org/resource/Synthpunk"	1368
"http://dbpedia.org/resource/Synthwave"	1369
"http://dbpedia.org/resource/Taiwanese_hip_hop"	1370
"http://dbpedia.org/resource/Taiwanese_Hokkien"	1371
"http://dbpedia.org/resource/Taiwanese_pop"	1372
"http://dbpedia.org/resource/Taiwanese_rock"	1373
"http://dbpedia.org/resource/Talking_blues"	1374
"http://dbpedia.org/resource/Tamburica"	1375
"http://dbpedia.org/resource/Tampere"	1376
"http://dbpedia.org/resource/Tango_music"	1377
"http://dbpedia.org/resource/Tapping"	1378
"http://dbpedia.org/resource/Taqwacore"	1379
"http://dbpedia.org/resource/Tarantella"	1380
"http://dbpedia.org/resource/T%C3%BCrk%C3%BC"	1381
"http://dbpedia.org/resource/Teatro_canzone"	1382
"http://dbpedia.org/resource/Tech_house"	1383
"http://dbpedia.org/resource/Technical_death_metal"	1384
"http://dbpedia.org/resource/Techno"	1385
"http://dbpedia.org/resource/Techstep"	1386
"http://dbpedia.org/resource/Tech_trance"	1387
"http://dbpedia.org/resource/Tecno_brega"	1388
"http://dbpedia.org/resource/Teen_drama"	1389
"http://dbpedia.org/resource/Teen_pop"	1390
"http://dbpedia.org/resource/Tejano_music"	1391
"http://dbpedia.org/resource/Television"	1392
"http://dbpedia.org/resource/Telugu_cinema"	1393
"http://dbpedia.org/resource/Texas_blues"	1394
"http://dbpedia.org/resource/Texas_country_music"	1395
"http://dbpedia.org/resource/Tex-Mex"	1396
"http://dbpedia.org/resource/Thai_rock"	1397
"http://dbpedia.org/resource/Theatre"	1398
"http://dbpedia.org/resource/Third_stream"	1399
"http://dbpedia.org/resource/Thrashcore"	1400
"http://dbpedia.org/resource/Thrash_metal"	1401
"http://dbpedia.org/resource/Thriller_(genre)"	1402
"http://dbpedia.org/resource/Thumri"	1403
"http://dbpedia.org/resource/Tichumaren"	1404
"http://dbpedia.org/resource/Timba"	1405
"http://dbpedia.org/resource/Torch_song"	1406
"http://dbpedia.org/resource/Totalism"	1407
"http://dbpedia.org/resource/Tradition"	1408
"http://dbpedia.org/resource/Traditional_heavy_metal"	1409
"http://dbpedia.org/resource/Traditional_Japanese_music"	1410
"http://dbpedia.org/resource/Traditional_pop_music"	1411
"http://dbpedia.org/resource/Trad_jazz"	1412
"http://dbpedia.org/resource/Tragicomedy"	1413
"http://dbpedia.org/resource/Trailer_music"	1414
"http://dbpedia.org/resource/Trallpunk"	1415
"http://dbpedia.org/resource/Trance"	1416
"http://dbpedia.org/resource/Trance_music"	1417
"http://dbpedia.org/resource/Trap_(music_genre)"	1418
"http://dbpedia.org/resource/Trashvogue"	1419
"http://dbpedia.org/resource/Travel"	1420
"http://dbpedia.org/resource/Tribal_house"	1421
"http://dbpedia.org/resource/Tribe"	1422
"http://dbpedia.org/resource/Tribute_act"	1423
"http://dbpedia.org/resource/Trip_hop"	1424
"http://dbpedia.org/resource/Trip_rock"	1425
"http://dbpedia.org/resource/Trip_Rock"	1426
"http://dbpedia.org/resource/Tropical_music"	1427
"http://dbpedia.org/resource/Tropical_rock"	1428
"http://dbpedia.org/resource/Tropic%C3%A1lia"	1429
"http://dbpedia.org/resource/Tropics"	1430
"http://dbpedia.org/resource/Tropipop"	1431
"http://dbpedia.org/resource/Trot_(music)"	1432
"http://dbpedia.org/resource/Troubadour"	1433
"http://dbpedia.org/resource/Trova"	1434
"http://dbpedia.org/resource/Tsugaru-jamisen"	1435
"http://dbpedia.org/resource/TTT_=_Tribal-Tech-Trance"	1436
"http://dbpedia.org/resource/Tulsa_Sound"	1437
"http://dbpedia.org/resource/Turbo-folk"	1438
"http://dbpedia.org/resource/Turkish_folk_music"	1439
"http://dbpedia.org/resource/Turkish_pop_music"	1440
"http://dbpedia.org/resource/Turntablism"	1441
"http://dbpedia.org/resource/Tuvan_throat_singing"	1442
"http://dbpedia.org/resource/Twelve-bar_blues"	1443
"http://dbpedia.org/resource/Uchinaa_pop"	1444
"http://dbpedia.org/resource/UK_funky"	1445
"http://dbpedia.org/resource/UK_garage"	1446
"http://dbpedia.org/resource/UK_hardcore"	1447
"http://dbpedia.org/resource/UK_hard_house"	1448
"http://dbpedia.org/resource/Ukrainian_folk_music"	1449
"http://dbpedia.org/resource/Unblack_metal"	1450
"http://dbpedia.org/resource/Underground_hip_hop"	1451
"http://dbpedia.org/resource/Underground_music"	1452
"http://dbpedia.org/resource/Underwhelming"	1453
"http://dbpedia.org/resource/Uplifting_trance"	1454
"http://dbpedia.org/resource/Urban_adult_contemporary"	1455
"http://dbpedia.org/resource/Urban_contemporary"	1456
"http://dbpedia.org/resource/Urban_contemporary_gospel"	1457
"http://dbpedia.org/resource/Utopian_and_dystopian_fiction"	1458
"http://dbpedia.org/resource/Vallenato"	1459
"http://dbpedia.org/resource/Vaporwave"	1460
"http://dbpedia.org/resource/Vaudeville"	1461
"http://dbpedia.org/resource/Video_game"	1462
"http://dbpedia.org/resource/Video_game_music"	1463
"http://dbpedia.org/resource/Viking_metal"	1464
"http://dbpedia.org/resource/Viking_rock"	1465
"http://dbpedia.org/resource/Virtuoso"	1466
"http://dbpedia.org/resource/Vispop"	1467
"http://dbpedia.org/resource/Visual_system"	1468
"http://dbpedia.org/resource/Vocalese"	1469
"http://dbpedia.org/resource/Vocal_harmony"	1470
"http://dbpedia.org/resource/Vocal_jazz"	1471
"http://dbpedia.org/resource/Vocal_music"	1472
"http://dbpedia.org/resource/Vocal_trance"	1473
"http://dbpedia.org/resource/Wagnerian_rock"	1474
"http://dbpedia.org/resource/Waltz"	1475
"http://dbpedia.org/resource/West_Coast_blues"	1476
"http://dbpedia.org/resource/West_Coast_Gypsy_jazz"	1477
"http://dbpedia.org/resource/West_Coast_hip_hop"	1478
"http://dbpedia.org/resource/West_Coast_jazz"	1479
"http://dbpedia.org/resource/Western_Christianity"	1480
"http://dbpedia.org/resource/Western_culture"	1481
"http://dbpedia.org/resource/Western_(genre)"	1482
"http://dbpedia.org/resource/Western_music_(North_America)"	1483
"http://dbpedia.org/resource/Western_swing"	1484
"http://dbpedia.org/resource/White_power_music"	1485
"http://dbpedia.org/resource/Wit"	1486
"http://dbpedia.org/resource/Witch_house_(music_genre)"	1487
"http://dbpedia.org/resource/Wizard_rock"	1488
"http://dbpedia.org/resource/Wonky"	1489
"http://dbpedia.org/resource/Wonky_(music)"	1490
"http://dbpedia.org/resource/Wonky_pop"	1491
"http://dbpedia.org/resource/Word_play"	1492
"http://dbpedia.org/resource/World"	1493
"http://dbpedia.org/resource/Worldbeat"	1494
"http://dbpedia.org/resource/World_music"	1495
"http://dbpedia.org/resource/Worship"	1496
"http://dbpedia.org/resource/Yass_(music)"	1497
"http://dbpedia.org/resource/Y%C3%A9-y%C3%A9"	1498
"http://dbpedia.org/resource/Yela_music"	1499
"http://dbpedia.org/resource/Yiddish_language"	1500
"http://dbpedia.org/resource/Yobbo"	1501
"http://dbpedia.org/resource/Yoruba_music"	1502
"http://dbpedia.org/resource/Young-adult_fiction"	1503
"http://dbpedia.org/resource/Youth_crew"	1504
"http://dbpedia.org/resource/Zef"	1505
"http://dbpedia.org/resource/Zeuhl"	1506
"http://dbpedia.org/resource/Zouglou"	1507
"http://dbpedia.org/resource/Zouk"	1508
"http://dbpedia.org/resource/Zulu_music"	1509
"http://dbpedia.org/resource/Zydeco"	1510
