96	http://pt.dbpedia.org/resource/Guns_N%27_Roses
251	http://dbpedia.org/resource/Marina_&_The_Diamonds
266	http://dbpedia.org/resource/Bob_Marley_&_The_Wailers
351	http://dbpedia.org/resource/Rushk
382	http://dbpedia.org/resource/P!nk
484	http://dbpedia.org/resource/Blink_182
552	http://dbpedia.org/resource/Atmosphere_(band)
679	http://dbpedia.org/resource/Angus_%26_Julia_Stone
778	http://dbpedia.org/resource/Common_(entertainer)
830	http://dbpedia.org/resource/L%27Arc-en-Ciel
910	http://dbpedia.org/resource/Oomph%21
1020	http://dbpedia.org/resource/Panic%21_at_the_Disco
1045	http://dbpedia.org/resource/Chase_%26_Status
1058	http://dbpedia.org/resource/Hadouken%21
1110	http://dbpedia.org/resource/Matt_&_Kim
1110	http://dbpedia.org/resource/Matt_%26_Kim
1118	http://pl.dbpedia.org/resource/Eldo
1190	http://dbpedia.org/resource/Echo_%26_the_Bunnymen
1205	http://dbpedia.org/resource/Emancipator_(artist)
1219	http://dbpedia.org/resource/Blue_October_UK
1220	http://dbpedia.org/resource/%2B44_(band)
1306	http://dbpedia.org/resource/One_Ok_Rock
1327	http://dbpedia.org/resource/The_Ramones
1457	http://dbpedia.org/resource/D%27espairsRay
1517	http://dbpedia.org/resource/The_John_Butler_Trio
1533	http://dbpedia.org/resource/Jane%27s_Addiction
1600	http://dbpedia.org/resource/Fink_(music)
1613	http://dbpedia.org/resource/Exodus_(band)
1809	http://dbpedia.org/resource/The_Gossip
1850	http://dbpedia.org/resource/Coconut_Records_(band)
1886	http://dbpedia.org/resource/Chicane_(recording_artist)
1902	http://dbpedia.org/resource/Banks_(artist)
1905	http://dbpedia.org/resource/Chromatics
1940	http://dbpedia.org/resource/Emilie_Simon
1942	http://pl.dbpedia.org/resource/Donguralesko
2014	http://dbpedia.org/resource/Thee_Silver_Mt._Zion
2028	http://dbpedia.org/resource/5'Nizza
2028	http://dbpedia.org/resource/5%27nizza
2040	http://dbpedia.org/resource/Owen_(band)
2062	http://dbpedia.org/resource/The_Good,_The_Bad_&_The_Queen
2062	http://dbpedia.org/resource/The_Good,_the_Bad_%26_the_Queen
2078	http://pl.dbpedia.org/resource/Czes%C5%82aw_Mozil
2130	http://pl.dbpedia.org/resource/Monika_Brodka
2193	http://dbpedia.org/resource/Emerson,_Lake_%26_Palmer
2238	http://dbpedia.org/resource/Thal%C3%ADa_(entertainer)
2238	http://es.dbpedia.org/resource/Thal%C3%ADa
2244	http://dbpedia.org/resource/D'angelo
2244	http://dbpedia.org/resource/D%27Angelo
2257	http://dbpedia.org/resource/Bohren_%26_der_Club_of_Gore
2257	http://de.dbpedia.org/resource/Bohren_%26_der_Club_of_Gore
2303	http://dbpedia.org/resource/New_Young_Pony_Club
2321	http://dbpedia.org/resource/Jj_(band)
2331	http://dbpedia.org/resource/Chelsea_Grin_(band)
2337	http://dbpedia.org/resource/Margot_%26_the_Nuclear_So_and_So's
2349	http://dbpedia.org/resource/Gonzales_(musician)
2376	http://pl.dbpedia.org/resource/EastWest_Rockers
2410	http://dbpedia.org/resource/Cee_Lo_Green
2416	http://pl.dbpedia.org/resource/Kazik_Staszewski
2433	http://dbpedia.org/resource/Kool_%26_the_Gang
2456	http://dbpedia.org/resource/Howlin%27_Wolf
2483	http://dbpedia.org/resource/Jorge_Ben
2560	http://dbpedia.org/resource/NEWS
2639	http://dbpedia.org/resource/The_Morning_Benders
2641	http://dbpedia.org/resource/Aly_&_AJ
2731	http://dbpedia.org/resource/VersaEmerge
2783	http://dbpedia.org/resource/Songs:_Ohia
2853	http://dbpedia.org/resource/Shoji_Meguro
2909	http://dbpedia.org/resource/Yonderboi
2922	http://dbpedia.org/resource/Desert_Sessions
2927	http://dbpedia.org/resource/Young_Money_(band)
2993	http://pt.dbpedia.org/resource/C%C3%ADcero_Lins
3032	http://pl.dbpedia.org/resource/Pih
3043	http://dbpedia.org/resource/G._Love_%26_Special_Sauce
3046	http://dbpedia.org/resource/Hootie_%26_the_Blowfish
3053	http://dbpedia.org/resource/Mc_chris
3070	http://dbpedia.org/page/Orchid_(metal_band)
3072	http://dbpedia.org/resource/Earth_(band)
3075	http://dbpedia.org/resource/Kitaro
3100	http://pl.dbpedia.org/resource/Muchy_(grupa_muzyczna)
3114	http://dbpedia.org/resource/Fun_Lovin%27_Criminals
3187	http://dbpedia.org/resource/Q-Tip
3207	http://dbpedia.org/resource/K%27s_Choice
3234	http://dbpedia.org/resource/Woven_Hand
3331	http://dbpedia.org/resource/The_String_Quartet
3373	http://pl.dbpedia.org/resource/%C5%81ona
3415	http://pl.dbpedia.org/resource/Indios_Bravos
3437	http://dbpedia.org/resource/Sharon_Jones_%26_The_Dap-Kings
3437	http://dbpedia.org/resource/Sharon_Jones_and_The_Dap-Kings
3487	http://dbpedia.org/resource/Fat_Freddy%27s_Drop
3491	http://dbpedia.org/resource/LM.C
3494	http://dbpedia.org/resource/Xxyyxx
3522	http://dbpedia.org/resource/Camo_%26_Krooked
3570	http://dbpedia.org/resource/The_Enemy_(band)
3574	http://dbpedia.org/resource/Fujiya_%26_Miyagi
3618	http://dbpedia.org/resource/Israel_Kamakawiwo'ole
3643	http://dbpedia.org/resource/YACHT_(band)
3645	http://dbpedia.org/resource/Bomfunk_MC%27s
3692	http://dbpedia.org/resource/13th_Floor_Elevators
3770	http://dbpedia.org/resource/Logistics_(artist)
3796	http://dbpedia.org/resource/Timbuktu_(artist)
3822	http://dbpedia.org/resource/Smolik
3834	http://dbpedia.org/resource/Dirty_Rotten_Imbeciles
3927	http://dbpedia.org/resource/A.C._Newman
3934	http://pl.dbpedia.org/resource/Hemp_Gru
3993	http://dbpedia.org/resource/Spock%27s_Beard
4012	http://pl.dbpedia.org/resource/Fokus
4038	http://dbpedia.org/resource/Soldiers_of_Jah_Army
4062	http://dbpedia.org/resource/Letlive.
4071	http://pl.dbpedia.org/resource/Grammatik
4172	http://dbpedia.org/resource/The_Lovin%27_Spoonful
4178	http://dbpedia.org/resource/Jagged_Edge_(band)
4202	http://dbpedia.org/resource/Sunn_(band)
4211	http://dbpedia.org/resource/Seven_(South_Korean_singer)
4211	http://ko.dbpedia.org/resource/%EC%84%B8%EB%B8%90_(%EA%B0%80%EC%88%98)
4222	http://dbpedia.org/resource/Michael_Franti_&_Spearhead
4275	http://pt.dbpedia.org/resource/Clarice_Falc%C3%A3o
4325	http://pl.dbpedia.org/resource/Kombajn_do_Zbierania_Kur_po_Wioskach
4328	http://dbpedia.org/resource/Dolores_O%27Riordan
4340	http://dbpedia.org/resource/Parquet_courts
4378	http://dbpedia.org/resource/Umphrey%27s_McGee
4406	http://dbpedia.org/resource/Of_the_Wand_%26_the_Moon
4417	http://dbpedia.org/resource/Gatsby's_American_Dream
4420	http://pl.dbpedia.org/resource/Zabili_Mi_%C5%BB%C3%B3%C5%82wia
4422	http://pl.dbpedia.org/resource/Elektryczne_Gitary
4429	http://dbpedia.org/resource/Aphrodite%27s_Child
4429	http://dbpedia.org/resource/Aphrodite_(artist)
4434	http://dbpedia.org/resource/Dan_le_sac_Vs_Scroobius_Pip
4457	http://pl.dbpedia.org/resource/Luxtorpeda_(grupa_muzyczna)
4503	http://dbpedia.org/resource/Pete_Rock_%26_CL_Smooth
4507	http://dbpedia.org/resource/David_Garrett_(violinist)
4541	http://dbpedia.org/resource/Old_Man%27s_Child
4558	http://dbpedia.org/resource/J%C3%B3nsi_%26_Alex
4656	http://dbpedia.org/resource/Tommy_heavenly6
4664	http://pl.dbpedia.org/resource/Pogodno_(grupa_muzyczna)
4674	http://dbpedia.org/resource/Diddy_-_Dirty_Money
4685	http://dbpedia.org/resource/Lil%27_Kim
4707	http://dbpedia.org/resource/Veruca_Salt_(band)
4722	http://pl.dbpedia.org/resource/Trzeci_Wymiar
4793	http://dbpedia.org/resource/Lunatic_Soul
4813	http://pl.dbpedia.org/resource/Illusion_(grupa_muzyczna)
4858	http://dbpedia.org/resource/112_(band)
4858	http://dbpedia.org/resource/112_(R%26B_group)
4900	http://dbpedia.org/resource/The_Jacksons
4931	http://dbpedia.org/resource/Angel_Beats!#Girls_Dead_Monster
4965	http://dbpedia.org/resource/Novembre_(band)
4977	http://dbpedia.org/resource/Ian_Van_Dahl
5012	http://dbpedia.org/resource/Ninedays
5020	http://dbpedia.org/resource/Leehom_Wang
5054	http://dbpedia.org/resource/RUINER_(band)
5087	http://dbpedia.org/resource/Rachel%27s
5148	http://pt.dbpedia.org/resource/Maria_Gad%C3%BA
5160	http://dbpedia.org/resource/Glasser_(band)
5238	http://dbpedia.org/resource/Game_(rapper)
5244	http://dbpedia.org/resource/Kele
5291	http://dbpedia.org/resource/Herman%27s_Hermits
5297	http://dbpedia.org/resource/Close_Your_Eyes_(hardcore_band)
5324	http://pl.dbpedia.org/resource/Rahim
5368	http://dbpedia.org/resource/Soulsavers
5402	http://pl.dbpedia.org/resource/Lipali
5464	http://pt.dbpedia.org/resource/Momboj%C3%B3
5523	http://pl.dbpedia.org/resource/Enej
5555	http://pl.dbpedia.org/resource/Maleo_Reggae_Rockers
5585	http://dbpedia.org/resource/The_Bees_(UK_band)
5599	http://dbpedia.org/resource/Albert_Hammond_Jr.
5633	http://dbpedia.org/resource/I_Love_You_but_I%27ve_Chosen_Darkness
5644	http://dbpedia.org/resource/Shigeto_(artist)
5656	http://dbpedia.org/resource/Kraak_%26_Smaak
5658	http://dbpedia.org/resource/Impending_Doom
5717	http://dbpedia.org/resource/Empire!_Empire!_(I_was_a_lonely_estate)
5756	http://pl.dbpedia.org/resource/Piotr_Rogucki
5798	http://pl.dbpedia.org/resource/Pokahontaz
5817	http://de.dbpedia.org/resource/Huss_und_Hodn
5828	http://dbpedia.org/resource/Cold_World_(band)
5831	http://dbpedia.org/resource/Lotus_Plaza
5845	http://dbpedia.org/resource/Tito_%26_Tarantula
5845	http://de.dbpedia.org/resource/Tito_%26_Tarantula
5868	http://dbpedia.org/resource/Lightnin%27_Hopkins
5870	http://dbpedia.org/resource/The_Sound
5887	http://dbpedia.org/resource/Infernal_(band)
5890	http://dbpedia.org/resource/Scala_%26_Kolacny_Brothers
5890	http://de.dbpedia.org/resource/Scala_%26_Kolacny_Brothers
5899	http://pl.dbpedia.org/resource/2cztery7
5906	http://dbpedia.org/resource/Screamin%27_Jay_Hawkins
5913	http://dbpedia.org/resource/Beherit_(band)
6011	http://dbpedia.org/resource/Snap%21
6037	http://pl.dbpedia.org/resource/Tides_From_Nebula
6051	http://dbpedia.org/resource/Envy_(duo)
6052	http://dbpedia.org/resource/Keb%27_Mo%27
6095	http://dbpedia.org/resource/Enduser
6095	http://dbpedia.org/resource/Enduser_(artist)
6150	http://pl.dbpedia.org/resource/Pi%C4%99%C4%87_Dwa_D%C4%99biec
6155	http://pl.dbpedia.org/resource/Pustki_(grupa_muzyczna)
6168	http://pl.dbpedia.org/resource/%C5%9Awietliki
6170	http://pl.dbpedia.org/resource/Mesajah
6276	http://de.dbpedia.org/resource/Irie_R%C3%A9volt%C3%A9s
6339	http://dbpedia.org/resource/Shaman_(band)
6347	http://dbpedia.org/resource/George_Thorogood_&_the_Destroyers
6369	http://pl.dbpedia.org/resource/Paluch_(raper)
6392	http://dbpedia.org/resource/13_%26_God
6392	http://de.dbpedia.org/resource/13%26God
6417	http://pl.dbpedia.org/resource/Leniwiec_(grupa_muzyczna)
6438	http://dbpedia.org/resource/Manfred_Mann%27s_Earth_Band
6447	http://dbpedia.org/resource/Chizh_%26_Co
6453	http://pl.dbpedia.org/resource/Kabanos_(grupa_muzyczna)
6460	http://dbpedia.org/resource/Heaven_%26_Hell_(band)
6465	http://dbpedia.org/resource/Tommy_James_&_the_Shondells
6490	http://pl.dbpedia.org/resource/Chada
6506	http://dbpedia.org/resource/MGK
6537	http://dbpedia.org/resource/Paul_Young_(Mike_%2B_The_Mechanics)
6541	http://ko.dbpedia.org/resource/%EC%8B%9C%ED%81%AC%EB%A6%BF_(%EC%9D%8C%EC%95%85_%EA%B7%B8%EB%A3%B9)
6599	http://pl.dbpedia.org/resource/Pyskaty
6609	http://pl.dbpedia.org/resource/Blade_Loki
6647	http://dbpedia.org/resource/Big_%26_Rich
6705	http://dbpedia.org/resource/Rebecca_%26_Fiona
6707	http://de.dbpedia.org/resource/Ich_%2B_Ich
6707	http://dbpedia.org/resource/Ich_%2B_Ich
6776	http://de.dbpedia.org/resource/Stonedeafproduction
6846	http://pl.dbpedia.org/resource/Molesta_Ewenement
6856	http://dbpedia.org/resource/Leviathan_(band)
6857	http://dbpedia.org/resource/Lubeh
6881	http://dbpedia.org/resource/Terence_Trent_D%27Arby
6898	http://pl.dbpedia.org/resource/Mikromusic
6944	http://dbpedia.org/resource/Artist_vs_Poet
6967	http://dbpedia.org/resource/Dr._Hook_%26_the_Medicine_Show
6997	http://pl.dbpedia.org/resource/%C5%81%C4%85ki_%C5%81an
7006	http://pl.dbpedia.org/resource/Warszafski_Deszcz
7009	http://dbpedia.org/resource/Der_W
7030	http://dbpedia.org/resource/Swingin%27_Utters
7056	http://es.dbpedia.org/resource/Los_Delinq%C3%BCentes
7122	http://dbpedia.org/resource/Soil_%26_%22Pimp%22_Sessions
7186	http://dbpedia.org/resource/Kalani
7230	http://dbpedia.org/resource/Lil%27_Flip
7234	http://pl.dbpedia.org/resource/%C5%BBywio%C5%82ak_(grupa_muzyczna)
7243	http://dbpedia.org/resource/Tenmon_(composer)
7308	http://dbpedia.org/resource/Amorphous_Androgynous
7317	http://ko.dbpedia.org/resource/%EB%B9%84%ED%88%AC%EB%B9%84
7359	http://dbpedia.org/resource/Gabriel_%26_Dresden
7361	http://dbpedia.org/resource/Thao_with_the_Get_Down_Stay_Down
7371	http://dbpedia.org/resource/Binary_Star_(band)
7377	http://dbpedia.org/resource/Timo_Rautiainen_%26_Trio_Niskalaukaus
7390	http://pl.dbpedia.org/resource/Chyli%C5%84ska
7400	http://dbpedia.org/resource/Javelins
7418	http://dbpedia.org/resource/Papercuts
7436	http://pl.dbpedia.org/resource/Quo_Vadis_(grupa_muzyczna)
7463	http://dbpedia.org/resource/Gifts_From_Enola
7464	http://dbpedia.org/resource/We_Are_Augustines
7470	http://dbpedia.org/resource/Shakin%27_Stevens
7499	http://de.dbpedia.org/resource/F.R.
7558	http://pl.dbpedia.org/resource/Afro_Kolektyw
7587	http://dbpedia.org/resource/Blood,_Sweat_%26_Tears
7604	http://dbpedia.org/resource/Hoffmaestro_%26_Chraa
7635	http://es.dbpedia.org/resource/Jesse_%26_Joy
7635	http://dbpedia.org/resource/Jesse_%26_Joy
7669	http://dbpedia.org/resource/Unloco
7713	http://dbpedia.org/resource/Trae
7722	http://dbpedia.org/resource/Shane_%26_Shane
7750	http://dbpedia.org/resource/Oscar_Peterson_Trio
7816	http://pl.dbpedia.org/resource/Magma_(grupa_muzyczna)
7841	http://pl.dbpedia.org/resource/Onar_(raper)
7858	http://pl.dbpedia.org/resource/Artur_Rojek
7867	http://dbpedia.org/resource/Moenia
7922	http://dbpedia.org/resource/Gondwanaland_(band)
7926	http://pl.dbpedia.org/resource/Sidney_Polak
7974	http://dbpedia.org/resource/The_Alchemist_(producer)
7974	http://dbpedia.org/resource/The_Alchemist_(musician)
8012	http://pl.dbpedia.org/resource/Kana%C5%82_Audytywny
8072	http://dbpedia.org/resource/Brothers_Johnson
8135	http://dbpedia.org/resource/Bethany_Joy_Galeotti
8145	http://pl.dbpedia.org/resource/Ca%C5%82a_G%C3%B3ra_Barwink%C3%B3w
8156	http://pl.dbpedia.org/resource/Micha%C5%82_Lorenc
8264	http://dbpedia.org/resource/Alex_Ubago
8342	http://es.dbpedia.org/resource/La_Habitaci%C3%B3n_Roja
8421	http://pt.dbpedia.org/resource/Cueio_Lim%C3%A3o
8428	http://dbpedia.org/resource/Buried_In_Verona
8435	http://dbpedia.org/resource/Jenn_Ghetto#S
8520	http://pl.dbpedia.org/resource/Oddzia%C5%82_Zamkni%C4%99ty
8548	http://dbpedia.org/resource/The_Jeff_Healey_Band
8576	http://pt.dbpedia.org/resource/Ponto_de_Equil%C3%ADbrio_(banda)
8594	http://dbpedia.org/resource/%2B/-_(band)
8595	http://dbpedia.org/resource/Zolof_the_Rock_%26_Roll_Destroyer
8601	http://dbpedia.org/resource/Infernal_War
8668	http://pl.dbpedia.org/resource/Bob_One
8686	http://pt.dbpedia.org/resource/Bid%C3%AA_ou_Balde
8795	http://dbpedia.org/resource/Common_Market_(band)
8796	http://pl.dbpedia.org/resource/Bas_Tajpan
8847	http://dbpedia.org/resource/George_Baker_(musician)#George_Baker_Selection
8865	http://pl.dbpedia.org/resource/Dubska
8867	http://dbpedia.org/resource/Queen_%2B_Paul_Rodgers
8871	http://dbpedia.org/resource/Rex_the_Dog
8912	http://pl.dbpedia.org/resource/D4D
8981	http://pl.dbpedia.org/resource/Kai_Rosenkranz
9129	http://pl.dbpedia.org/resource/Adam_Skorupa
9167	http://dbpedia.org/resource/Sky_Sailing
9172	http://pl.dbpedia.org/resource/Zielone_%C5%BBabki
9173	http://dbpedia.org/resource/Devil_Doll_(band)
9193	http://dbpedia.org/resource/Sagopa_Kajmer
9210	http://dbpedia.org/resource/Matrix_%26_Futurebound
9227	http://dbpedia.org/resource/The_Beat_(band)
9300	http://pt.dbpedia.org/resource/Bruno_%26_Marrone
9324	http://dbpedia.org/resource/Jenny_and_Johnny
9340	http://dbpedia.org/resource/Alpha_%26_Omega_(band)
9347	http://dbpedia.org/resource/Paul_Kelly_(musician)
9362	http://dbpedia.org/resource/Bijelo_dugme
9396	http://dbpedia.org/resource/Black_Francis#Frank_Black_and_the_Catholics
9401	http://dbpedia.org/resource/7L_%26_Esoteric
9430	http://dbpedia.org/resource/Maliq_%26_D'Essentials
9507	http://dbpedia.org/resource/Ed_Rush#Ed_Rush_.26_Optical
9527	http://pl.dbpedia.org/resource/June
9545	http://dbpedia.org/resource/Ultrabeat_(English_band)
9592	http://dbpedia.org/resource/Helena_Paparizou
9593	http://pl.dbpedia.org/resource/SOFA
9611	http://dbpedia.org/resource/Jacob_Miller
9617	http://dbpedia.org/resource/Azari_%26_III
9629	http://dbpedia.org/resource/H%E1%B9%9A%E1%B9%A2%E1%B9%ACA
9680	http://pl.dbpedia.org/resource/Kim_Nowak
9686	http://dbpedia.org/resource/Windy_%26_Carl
9710	http://pl.dbpedia.org/resource/Dreadsquad
9716	http://dbpedia.org/resource/Aesma_Daeva_(band)
9716	http://dbpedia.org/resource/Aesma_Daeva
9757	http://dbpedia.org/resource/Arcangel
9779	http://dbpedia.org/resource/Jon_&_Vangelis
9796	http://dbpedia.org/resource/Xscape_(band)
9796	http://dbpedia.org/resource/Xscape
9814	http://dbpedia.org/resource/Darkwood_(band)
9844	http://pl.dbpedia.org/resource/Pink_Freud
9860	http://dbpedia.org/resource/Natalie_Portman's_Shaved_Head
9941	http://es.dbpedia.org/resource/Lisandro_Aristimu%C3%B1o
9944	http://dbpedia.org/resource/Shy%27m
9989	http://dbpedia.org/resource/Layo_%26_Bushwacka!
10019	http://dbpedia.org/resource/White_Shoes_%26_The_Couples_Company
10023	http://dbpedia.org/resource/Antoine_Dufour_(guitarist)
10051	http://dbpedia.org/resource/Virus_(guitarist/musician)
10073	http://pl.dbpedia.org/resource/Piersi_(grupa_muzyczna)
10080	http://pl.dbpedia.org/resource/Buldog_(grupa_muzyczna)
10118	http://pl.dbpedia.org/resource/2Tm2,3
10135	http://dbpedia.org/resource/Park_(band)
10225	http://dbpedia.org/resource/Antibalas_Afrobeat_Orchestra
10241	http://pl.dbpedia.org/resource/Bez_Cenzury
10252	http://dbpedia.org/resource/Storm_(band)
10262	http://dbpedia.org/resource/Sad_Lovers_%26_Giants
10295	http://dbpedia.org/resource/Ildjarn
10317	http://dbpedia.org/resource/Harold_Melvin_%26_the_Blue_Notes
10318	http://de.dbpedia.org/resource/G%C3%B6tz_Widmann
10322	http://pl.dbpedia.org/resource/My_Riot
10343	http://pl.dbpedia.org/resource/Power_of_Trinity
10355	http://dbpedia.org/resource/Tackey_%26_Tsubasa
10414	http://dbpedia.org/resource/Eric_Burdon_&_The_Animals
10431	http://pl.dbpedia.org/resource/Parias_(grupa_muzyczna)
10449	http://pl.dbpedia.org/resource/Defekt_Muzg%C3%B3
10454	http://ko.dbpedia.org/resource/%EA%B0%80%EC%9D%B8
10531	http://dbpedia.org/resource/Shiva_in_Exile
10543	http://dbpedia.org/resource/Austere_(band)
10602	http://dbpedia.org/resource/Iglu_%26_Hartly
10609	http://dbpedia.org/resource/Birdflesh
10610	http://dbpedia.org/resource/Pride_&_Fall
10640	http://pl.dbpedia.org/resource/Tomasz_Makowiecki
10651	http://pl.dbpedia.org/resource/Partia_(grupa_muzyczna)
10669	http://dbpedia.org/resource/Timbaland_%26_Magoo
10682	http://dbpedia.org/resource/Fuck...I%27m_Dead
10682	http://dbpedia.org/resource/Fuck...I'm_Dead
10692	http://dbpedia.org/resource/T%27Pau_(band)
10719	http://dbpedia.org/resource/The_Lord_Weird_Slough_Feg
10730	http://dbpedia.org/resource/Nobodyknows_(band)
10765	http://dbpedia.org/resource/Mondo_Grosso
10806	http://dbpedia.org/resource/Dam-Funk
10815	http://de.dbpedia.org/resource/Claudia_Uhle#Angelzoom
10850	http://pt.dbpedia.org/resource/Cidad%C3%A3o_Quem
10887	http://pl.dbpedia.org/resource/Killaz_Group
10902	http://pl.dbpedia.org/resource/B.E.T.H
10910	http://dbpedia.org/resource/The_Cheetah_Girls_(band)
10964	http://dbpedia.org/resource/Meanwhile,_back_in_Communist_Russia...
11003	http://es.dbpedia.org/resource/Tri%C3%A1ngulo_de_Amor_Bizarro
11010	http://dbpedia.org/resource/Play_Bach_Trio
11016	http://dbpedia.org/resource/Vega_4
11067	http://dbpedia.org/resource/Vex%27d
11093	http://dbpedia.org/resource/Metal_Fingers
11108	http://dbpedia.org/resource/Black_Joe_Lewis_%26_the_Honeybears
11158	http://ko.dbpedia.org/resource/%EB%B0%B1%EC%A7%80%EC%98%81
11158	http://dbpedia.org/resource/Baek_Ji-Young
11189	http://pl.dbpedia.org/resource/Tabasko
11198	http://dbpedia.org/resource/Zentveld_%26_Oomen
11201	http://dbpedia.org/resource/The_Whigs
11207	http://dbpedia.org/resource/Ruins_(band)
11217	http://pl.dbpedia.org/resource/Bajm
11227	http://dbpedia.org/resource/Park_(band)
11237	http://pl.dbpedia.org/resource/Borixon
11308	http://dbpedia.org/resource/The_Left_Rights
11353	http://dbpedia.org/resource/Phillips,_Craig_&_Dean
11414	http://pl.dbpedia.org/resource/Patrycja_Markowska
11496	http://dbpedia.org/resource/Jackson_and_his_Computer_Band
11524	http://dbpedia.org/resource/Scarlett_O'Hara_(band)
11525	http://dbpedia.org/resource/Brian_McBride_(artist)
11572	http://dbpedia.org/resource/Compton%27s_Most_Wanted
11618	http://dbpedia.org/resource/Totalt_J%C3%A4vla_M%C3%B6rker
11636	http://pt.dbpedia.org/resource/J%C3%BApiter_Ma%C3%A7%C3%A3
11654	http://dbpedia.org/resource/Ned%27s_Atomic_Dustbin
11699	http://dbpedia.org/resource/Jeckyll_%26_Hyde_(musicians)
11766	http://dbpedia.org/resource/End_of_a_Year
11789	http://dbpedia.org/resource/Dimitri_Vegas_%26_Like_Mike
11845	http://pl.dbpedia.org/resource/Proletaryat
11854	http://dbpedia.org/resource/David_%26_the_Citizens
11867	http://dbpedia.org/resource/Love_and_Theft_(band)
11914	http://dbpedia.org/resource/Anchor_%26_Braille
11930	http://dbpedia.org/resource/Nick_%26_Simon
12009	http://pl.dbpedia.org/resource/Kobranocka
12016	http://dbpedia.org/resource/Ian_Campbell_(artist)
12066	http://dbpedia.org/resource/Sparkadia
12077	http://pl.dbpedia.org/resource/L.Stadt
12107	http://dbpedia.org/resource/Rich_Gang#2013-present:_Rich_Gang
12115	http://dbpedia.org/resource/Nik_%26_Jay
12116	http://dbpedia.org/resource/The_Paul_Butterfield_Blues_Band
12135	http://dbpedia.org/resource/One_Chance
12151	http://dbpedia.org/resource/Bei_Maejor
12190	http://pl.dbpedia.org/resource/Bracia_(grupa_muzyczna)
12242	http://dbpedia.org/resource/Toots_&_the_Maytals
12249	http://dbpedia.org/resource/Bryan_Winchester
12250	http://pl.dbpedia.org/resource/DKA_(raper)
12302	http://dbpedia.org/resource/Maria_Daniela_y_su_Sonido_Lasser
12323	http://dbpedia.org/resource/Fripp_%26_Eno
12370	http://dbpedia.org/resource/Bachelors_Of_Science
12454	http://dbpedia.org/resource/Drive_A
12514	http://dbpedia.org/resource/Suicidal_Angels
12531	http://pl.dbpedia.org/resource/Ptaky
12580	http://dbpedia.org/resource/Nervo_(duo)
12588	http://dbpedia.org/resource/Anugama
12627	http://dbpedia.org/resource/The_Wolverines
12661	http://pt.dbpedia.org/resource/C%C3%A9sar_Menotti_%26_Fabiano
12698	http://dbpedia.org/resource/The_Fireman_(music)
12703	http://dbpedia.org/resource/Deepfield_(band)
12768	http://pl.dbpedia.org/resource/Kumka_Olik
12807	http://pt.dbpedia.org/resource/Jorge_vercilo
12844	http://dbpedia.org/resource/Moke_(Amsterdam_band)
12856	http://dbpedia.org/resource/Dom_%26_Roland
12862	http://pl.dbpedia.org/resource/Konkwista_88
12873	http://pl.dbpedia.org/resource/Katarzyna_Groniec
12882	http://pt.dbpedia.org/resource/Zumbis_do_Espa%C3%A7o
12945	http://pl.dbpedia.org/resource/Flit
12963	http://pl.dbpedia.org/resource/K.A.S.T.A.
12965	http://dbpedia.org/resource/Union_J_(group)
13008	http://pl.dbpedia.org/resource/Nag%C5%82y_Atak_Spawacza
13011	http://dbpedia.org/resource/Chaka_Demus_%26_Pliers
13021	http://de.dbpedia.org/resource/Luxusl%C3%A4rm
13029	http://dbpedia.org/resource/J.Viewz
13054	http://dbpedia.org/resource/Bin%C3%A4rpilot
13116	http://dbpedia.org/resource/Jare_&_VilleGalle
13117	http://dbpedia.org/resource/Susanna_and_the_Magical_Orchestra
13118	http://pl.dbpedia.org/resource/Janusz_Radek
13126	http://dbpedia.org/resource/Mystical_Sun
13131	http://dbpedia.org/resource/Santo_%26_Johnny
13163	http://dbpedia.org/resource/Woe_Is_Me
13169	http://pl.dbpedia.org/resource/Ive_Mendes
13206	http://dbpedia.org/resource/Cappella
13222	http://dbpedia.org/resource/Richard_Hell_&_the_Voidoids
13225	http://dbpedia.org/resource/Crosby_%26_Nash
13283	http://dbpedia.org/resource/Raven_(band)
13292	http://de.dbpedia.org/resource/Kyau_%26_Albert
13292	http://dbpedia.org/resource/Kyau_%26_Albert
13309	http://dbpedia.org/resource/Codes_In_The_Clouds
13310	http://de.dbpedia.org/resource/Justus_K%C3%B6hncke
13312	http://dbpedia.org/resource/Ford_%26_Lopatin
13335	http://dbpedia.org/resource/Deadboy_%26_the_Elephantmen
13367	http://es.dbpedia.org/resource/Ellos_(grupo_de_m%C3%BAsica)
13371	http://ko.dbpedia.org/resource/%EA%B9%80%EC%A2%85%EA%B5%AD_(%EA%B0%80%EC%88%98)
13371	http://dbpedia.org/resource/Kim_Jong-kook
13407	http://pl.dbpedia.org/resource/Ch%C5%82opcy_z_Placu_Broni_(grupa_muzyczna)
13447	http://pl.dbpedia.org/resource/Sylwia_Grzeszczak
13452	http://dbpedia.org/resource/Domino_(band)
13480	http://dbpedia.org/resource/Destroid
13529	http://dbpedia.org/resource/Question_Mark_%26_the_Mysterians
13567	http://dbpedia.org/resource/Cex
13616	http://pl.dbpedia.org/resource/Grzegorz_Ciechowski
13619	http://dbpedia.org/resource/Strunz_%26_Farah
13639	http://pl.dbpedia.org/resource/Diox
13679	http://pl.dbpedia.org/resource/De_Mono
13755	http://dbpedia.org/resource/X-Mal_Deutschland
13782	http://dbpedia.org/resource/Crime_%26_the_City_Solution
13826	http://dbpedia.org/resource/Raymond_%26_Maria
13939	http://dbpedia.org/resource/Maher_Shalal_Hash_Baz
13942	http://de.dbpedia.org/resource/Ina_M%C3%BCller
13985	http://ko.dbpedia.org/resource/10cm_(%EC%9D%8C%EC%95%85_%EA%B7%B8%EB%A3%B9)
14008	http://dbpedia.org/resource/Hillsong_London
14036	http://pl.dbpedia.org/resource/JWP
14084	http://de.dbpedia.org/resource/KrawallBr%C3%BCder
14095	http://pl.dbpedia.org/resource/Percival_Schuttenbach_(grupa_muzyczna)
14098	http://dbpedia.org/resource/Allerseelen
14164	http://dbpedia.org/resource/Caustic_Window
14229	http://pl.dbpedia.org/resource/Aural_Planet
14236	http://dbpedia.org/resource/Trophy_Wife_(band)
14305	http://dbpedia.org/resource/Hunters_%26_Collectors
14307	http://pt.dbpedia.org/resource/Xutos_%26_Pontap%C3%A9s
14307	http://dbpedia.org/resource/Xutos_%26_Pontap%C3%A9s
14352	http://pl.dbpedia.org/resource/Muzykoterapia_(grupa_muzyczna)
14361	http://dbpedia.org/resource/Zion_y_Lennox
14389	http://dbpedia.org/resource/Colder_(artist)
14460	http://dbpedia.org/resource/Sonny_Moore
14467	http://dbpedia.org/resource/Tied_%26_Tickled_Trio
14467	http://de.dbpedia.org/resource/Tied_%26_Tickled_Trio
14490	http://dbpedia.org/resource/Sammy_Adams_(rapper)
14533	http://pt.dbpedia.org/resource/Karol_Conka
14566	http://de.dbpedia.org/resource/Erdm%C3%B6bel_(Band)
14651	http://dbpedia.org/resource/Blood_on_the_Wall_(band)
14717	http://dbpedia.org/resource/Manticora
14751	http://pl.dbpedia.org/resource/Milczenie_Owiec_(grupa_muzyczna)
14768	http://de.dbpedia.org/resource/Unrest
14772	http://dbpedia.org/resource/Nalin_%26_Kane
14772	http://de.dbpedia.org/resource/Nalin_%26_Kane
14780	http://dbpedia.org/resource/Craig_Owens_(entertainer)
14780	http://dbpedia.org/resource/Craig_Owens_(vocalist)
14785	http://dbpedia.org/resource/The_dB%27s
14834	http://pl.dbpedia.org/resource/Cree_(grupa_muzyczna)
14875	http://dbpedia.org/resource/England_Dan_%26_John_Ford_Coley
14931	http://dbpedia.org/resource/Charles_%26_Eddie
14937	http://pl.dbpedia.org/resource/R%C3%B3%C5%BCe_Europy
14947	http://dbpedia.org/resource/Ernie_Halter
14955	http://dbpedia.org/resource/Zez%C3%A9_Di_Camargo_%26_Luciano
14955	http://pt.dbpedia.org/resource/Zez%C3%A9_Di_Camargo_%26_Luciano
14988	http://dbpedia.org/resource/The_Time_(band)
15128	http://es.dbpedia.org/resource/Mam%C3%A1_Ladilla
15135	http://dbpedia.org/resource/Digimortal_(band)
15148	http://dbpedia.org/resource/Men,_Women_%26_Children
15176	http://dbpedia.org/resource/Mad_Child
15179	http://pt.dbpedia.org/resource/Avi%C3%B5es_do_Forr%C3%B3
15191	http://dbpedia.org/resource/Si*S%C3%A9_(band)
15202	http://dbpedia.org/resource/The_Brobecks
15208	http://dbpedia.org/resource/Svetlana_Ra%C5%BEnatovi%C4%87
15278	http://dbpedia.org/resource/Laika_%26_the_Cosmonauts
15285	http://pl.dbpedia.org/resource/Pablopavo
15355	http://pl.dbpedia.org/resource/Anna_Wyszkoni
15364	http://es.dbpedia.org/resource/La_Cabra_Mec%C3%A1nica
15480	http://de.dbpedia.org/resource/Seven_(S%C3%A4nger)
15535	http://dbpedia.org/resource/Demarco_(artist)
15573	http://pl.dbpedia.org/resource/Kriegsmaschine
15579	http://pl.dbpedia.org/resource/Cinq_G
15582	http://dbpedia.org/resource/Akado_(band)
15645	http://dbpedia.org/resource/Aslan_Faction
15660	http://dbpedia.org/resource/Raffaele_Riefoli
15769	http://pl.dbpedia.org/resource/Robert_Kasprzycki
15780	http://pl.dbpedia.org/resource/Mor_W.A.
15862	http://pl.dbpedia.org/resource/Ich_Troje
15864	http://dbpedia.org/resource/Dave_Matthews_%26_Friends
15891	http://pl.dbpedia.org/resource/Hubert_Dobaczewski
15914	http://dbpedia.org/resource/Jonna_Lee_(singer)
15915	http://pt.dbpedia.org/resource/Cidad%C3%A3o_Instigado
15994	http://dbpedia.org/resource/Lebo_M
16011	http://dbpedia.org/resource/Jane_Zhang
16037	http://pl.dbpedia.org/resource/Kaczor_(raper)
16051	http://dbpedia.org/resource/Lonnie_Johnson
16053	http://dbpedia.org/resource/Esoterica_(band)
16054	http://pl.dbpedia.org/resource/W%C5%82odi
16072	http://dbpedia.org/resource/Yusuf_Islam
16075	http://dbpedia.org/resource/Sunday_Girl_(singer)
16105	http://de.dbpedia.org/resource/Snaga_%26_Pillath
16124	http://pl.dbpedia.org/resource/Blenders
16157	http://pl.dbpedia.org/resource/Zmaza
16165	http://pl.dbpedia.org/resource/Carrantuohill_(grupa_muzyczna)
16201	http://dbpedia.org/resource/Tallis_Scholars
16218	http://de.dbpedia.org/resource/Fliehende_St%C3%BCrme
16231	http://pl.dbpedia.org/resource/CF98
16299	http://dbpedia.org/resource/Ski_(producer)
16331	http://dbpedia.org/resource/Reflexion_(band)
16333	http://pl.dbpedia.org/resource/Moskwa_(grupa_muzyczna)
16340	http://de.dbpedia.org/resource/Senore_Matze_Rossi
16394	http://de.dbpedia.org/resource/Dunkelsch%C3%B6n
16416	http://pl.dbpedia.org/resource/Wolna_Grupa_Bukowina
16426	http://pl.dbpedia.org/resource/Sumptuastic
16433	http://dbpedia.org/resource/Steve_Howe_(guitarist)
16446	http://dbpedia.org/resource/Me_%26_My
16451	http://pl.dbpedia.org/resource/All_Bandits
16452	http://dbpedia.org/resource/Suemitsu_%26_the_Suemith
16519	http://dbpedia.org/resource/Tara_Jane_O%27Neil
16525	http://dbpedia.org/resource/Joe_Lean_%26_The_Jing_Jang_Jong
16621	http://pl.dbpedia.org/resource/Wzg%C3%B3rze_Ya-Pa_3
16624	http://dbpedia.org/resource/Danny_%26_the_Juniors
16625	http://es.dbpedia.org/resource/M%C3%A1rtires_del_Comp%C3%A1s
16638	http://dbpedia.org/resource/U-Piter_(band)
16706	http://pl.dbpedia.org/resource/Szymon_Wydra_%26_Carpe_Diem
16710	http://dbpedia.org/resource/Gary_Lewis_%26_the_Playboys
16741	http://pl.dbpedia.org/resource/Bakflip
16745	http://dbpedia.org/resource/Norfolk_%26_Western_(band)
16774	http://dbpedia.org/resource/Warning_(band)
16784	http://dbpedia.org/resource/Cevin_Key
16804	http://es.dbpedia.org/resource/Alex_Anwandter
16817	http://dbpedia.org/resource/Brain_Damage_(rock_band)
16847	http://dbpedia.org/resource/Carlos_N%C3%BA%C3%B1ez
16847	http://es.dbpedia.org/resource/Carlos_N%C3%BA%C3%B1ez
16853	http://de.dbpedia.org/resource/Chefdenker
16859	http://dbpedia.org/resource/Machine_Men
16883	http://dbpedia.org/resource/Frankie_Hi-NRG_MC
16958	http://dbpedia.org/resource/Giuliano_Palma_%26_the_Bluebeaters
17091	http://dbpedia.org/resource/The_Count_%26_Sinden
17110	http://pl.dbpedia.org/resource/Dixon37
17178	http://pl.dbpedia.org/resource/Martyna_Jakubowicz
17184	http://dbpedia.org/resource/ICHIKO
17236	http://dbpedia.org/resource/Ten_in_the_Swear_Jar
17241	http://pl.dbpedia.org/resource/Super_Girl_%26_Romantic_Boys
17287	http://dbpedia.org/resource/Calyx_(artist)
17334	http://de.dbpedia.org/resource/Anja_Schneider
17354	http://dbpedia.org/resource/Lowrider_(band)
17387	http://pl.dbpedia.org/resource/Aya_RL
17391	http://pl.dbpedia.org/resource/Pelson
17427	http://dbpedia.org/resource/Mario_Biondi_(musician)
17456	http://dbpedia.org/resource/Tube_%26_Berger
17464	http://de.dbpedia.org/resource/Creutzfeld_%26_Jakob
17473	http://dbpedia.org/resource/Let's_Go_Sailing_(band)
17532	http://pl.dbpedia.org/resource/Fasolki
17539	http://de.dbpedia.org/resource/Ganz_Sch%C3%B6n_Feist
17544	http://dbpedia.org/resource/Knutsen_%26_Ludvigsen
17547	http://dbpedia.org/resource/Declaime
17549	http://pl.dbpedia.org/resource/Stachursky
17590	http://es.dbpedia.org/resource/Ilegales_(grupo_espa%C3%B1ol)
17626	http://dbpedia.org/resource/Gem_(singer)
17631	http://pl.dbpedia.org/resource/Sexbomba
17665	http://es.dbpedia.org/resource/Arkangel
17685	http://dbpedia.org/resource/Ashtar_Command
17713	http://dbpedia.org/resource/Forss
17717	http://de.dbpedia.org/resource/Dela_Dap
17719	http://dbpedia.org/resource/Ihriel
17733	http://pl.dbpedia.org/resource/Karolina_Kozak
17747	http://dbpedia.org/resource/BeBe_%26_CeCe_Winans
17762	http://es.dbpedia.org/resource/Hora_Zulu
17795	http://dbpedia.org/resource/The_High_%26_Mighty
17862	http://pl.dbpedia.org/resource/AudioFeels
17867	http://dbpedia.org/resource/Mull_Historical_Society
17898	http://de.dbpedia.org/resource/Die_Schr%C3%B6ders
17964	http://dbpedia.org/resource/Savia
17970	http://dbpedia.org/resource/Cheech_%26_Chong
17974	http://pt.dbpedia.org/resource/Graforr%C3%A9ia_Xilarm%C3%B4nica
17985	http://pl.dbpedia.org/resource/Rafi_(raper)
17986	http://de.dbpedia.org/resource/K%C3%A4rbholz
17988	http://dbpedia.org/resource/Supernova_(band)
18032	http://dbpedia.org/resource/Rocket_Juice_%26_the_Moon
18044	http://dbpedia.org/resource/Lee_Sunmi
18082	http://de.dbpedia.org/resource/Black_Friday_%E2%80%9929
18154	http://dbpedia.org/resource/Rupa_%26_the_April_Fishes
18227	http://dbpedia.org/resource/Party_Animals_(musical_group)
18288	http://dbpedia.org/resource/Feathers_(band)
18314	http://dbpedia.org/resource/Fire_%2B_Ice_(band)
18329	http://pl.dbpedia.org/resource/Agressiva_69
18337	http://dbpedia.org/resource/XDEATHSTARx
18345	http://dbpedia.org/resource/Kate_Price
18384	http://dbpedia.org/resource/Boyd_Rice_and_Friends
18390	http://dbpedia.org/resource/Mike_&_Rich
18392	http://dbpedia.org/resource/Slaughter_%26_The_Dogs
18397	http://pl.dbpedia.org/resource/Franek_Kimono
18399	http://pl.dbpedia.org/resource/Skangur
18423	http://pl.dbpedia.org/resource/Artur_Andrus
18489	http://el.dbpedia.org/resource/%CE%98%CE%B1%CE%BD%CE%AC%CF%83%CE%B7%CF%82_%CE%A0%CE%B1%CF%80%CE%B1%CE%BA%CF%89%CE%BD%CF%83%CF%84%CE%B1%CE%BD%CF%84%CE%AF%CE%BD%CE%BF%CF%85
18489	http://dbpedia.org/resource/Thanassis_Papakonstantinou
18493	http://dbpedia.org/resource/Troy_Von_Balthazar
18544	http://dbpedia.org/resource/Ljungblut
18546	http://dbpedia.org/resource/Erik_%26_Kriss
18546	http://dbpedia.org/resource/Erik_og_Kriss
18567	http://dbpedia.org/resource/Liquid_Trio_Experiment
18584	http://dbpedia.org/resource/Henry%27s_Dress
18585	http://pl.dbpedia.org/resource/Brathanki
18639	http://dbpedia.org/resource/Sayuri_Sugawara
18644	http://ko.dbpedia.org/resource/%EC%9E%90%EC%9D%B4%EC%96%B8%ED%8B%B0
18649	http://dbpedia.org/resource/Johnny_Kidd_%26_the_Pirates
18653	http://dbpedia.org/resource/Dave_Spoon
18666	http://pt.dbpedia.org/resource/V%C3%ADtor_Ramil
18666	http://dbpedia.org/resource/Vitor_Ramil
18670	http://pl.dbpedia.org/resource/Totem_(grupa_muzyczna)
18671	http://pl.dbpedia.org/resource/AmetriA
18686	http://de.dbpedia.org/resource/Die_Lunikoff_Verschw%C3%B6rung
18695	http://pl.dbpedia.org/resource/Hatifnats
18727	http://dbpedia.org/resource/Revolver_(band)
18745	http://dbpedia.org/resource/S%27Express
18755	http://dbpedia.org/resource/The_Robert_Cray_Band
18759	http://dbpedia.org/resource/Beefy_(artist)
18795	http://dbpedia.org/resource/Krzysztof_Krawczyk_(singer)
18795	http://pl.dbpedia.org/resource/Krzysztof_Krawczyk
18801	http://dbpedia.org/resource/Sort_Sol_(band)
18937	http://dbpedia.org/resource/Hoku
18946	http://dbpedia.org/resource/Smoove_%26_Turrell
18988	http://pl.dbpedia.org/resource/Golden_Life
19006	http://dbpedia.org/resource/Pacific_Gas_%26_Electric_(band)
19019	http://es.dbpedia.org/resource/Le%C3%B1o
19021	http://pl.dbpedia.org/resource/Collage_(grupa_muzyczna)
19050	http://pl.dbpedia.org/resource/Alicetea
19147	http://dbpedia.org/resource/Hot_Pants_(French_band)
19202	http://dbpedia.org/resource/Expos%C3%A9_(band)
19207	http://dbpedia.org/resource/Tuck_%26_Patti
19213	http://de.dbpedia.org/resource/Amanda_Rogers
19231	http://pl.dbpedia.org/resource/Mad_Heads
19231	http://dbpedia.org/resource/Mad_Heads
19249	http://pl.dbpedia.org/resource/Numer_Raz
19272	http://dbpedia.org/resource/Studio_B_(artist)
19273	http://de.dbpedia.org/resource/Born_To_Lose
19302	http://pt.dbpedia.org/resource/Lucas_Lucco
19325	http://dbpedia.org/resource/TAT
19328	http://pl.dbpedia.org/resource/Bisquit
19330	http://dbpedia.org/resource/Dan_%2B_Shay
19332	http://dbpedia.org/resource/Cyann_%26_Ben
19394	http://dbpedia.org/resource/Rachel%27s
19425	http://dbpedia.org/resource/Herrmann_%26_Kleine
19432	http://ko.dbpedia.org/resource/%EC%9B%A8%EC%9D%BC
19444	http://pt.dbpedia.org/resource/Andr%C3%A9_Valad%C3%A3o
19460	http://es.dbpedia.org/resource/El_Ni%C3%B1o_Gusano
19491	http://pl.dbpedia.org/resource/Universe
19495	http://pl.dbpedia.org/resource/P%C5%82acz_Jeremiji
19495	http://dbpedia.org/resource/Plach_Yeremiji
19524	http://pl.dbpedia.org/resource/Mezo
19527	http://dbpedia.org/resource/Johan_Renck
19531	http://pt.dbpedia.org/resource/Planta_%26_Raiz
19546	http://dbpedia.org/resource/Sista_sekunden
19598	http://de.dbpedia.org/resource/H%C3%A4matom_(Band)
19614	http://ko.dbpedia.org/resource/%EB%B0%95%EC%8B%A0%ED%98%9C
19616	http://pl.dbpedia.org/resource/Piotr_Bukartyk
19637	http://dbpedia.org/resource/Urban_Myth_Club
19655	http://dbpedia.org/resource/Preston_School_of_Industry_(band)
19673	http://pl.dbpedia.org/resource/Contemporary_Noise_Sextet
19725	http://dbpedia.org/resource/Nico_Stai
19822	http://pl.dbpedia.org/resource/Dariusz_Paraszczuk
19854	http://pl.dbpedia.org/resource/Ania_Rusowicz
19895	http://ko.dbpedia.org/resource/%EA%B9%80%ED%83%9C%EC%9A%B0_(%EA%B0%80%EC%88%98)
19898	http://dbpedia.org/resource/Nautilis_(artist)
19912	http://ko.dbpedia.org/resource/%EB%B2%84%EB%B2%8C_%EC%A7%84%ED%8A%B8
19927	http://dbpedia.org/resource/Flip_%26_Fill
20015	http://dbpedia.org/resource/Wolf_%26_Cub
20029	http://es.dbpedia.org/resource/La_Mosca_(banda)
20063	http://pl.dbpedia.org/resource/Smar_SW
20072	http://dbpedia.org/resource/Guido_%26_Maurizio_De_Angelis
20072	http://dbpedia.org/resource/Guido_%26_Maurizio_De_Angelis#Oliver_Onions
20155	http://de.dbpedia.org/resource/Metallsp%C3%BCrhunde
20216	http://dbpedia.org/resource/William_Beckett
20221	http://pl.dbpedia.org/resource/Hermh
20223	http://de.dbpedia.org/resource/Brunner_%26_Brunner
20229	http://pt.dbpedia.org/resource/Samb%C3%B4
20232	http://ko.dbpedia.org/resource/%ED%8C%AC%ED%85%80_(%EC%9D%8C%EC%95%85_%EA%B7%B8%EB%A3%B9)
20233	http://dbpedia.org/resource/Ludovico_Reale
20288	http://pl.dbpedia.org/resource/Iowa_Super_Soccer
20381	http://pl.dbpedia.org/resource/Kobong
20429	http://dbpedia.org/resource/KUKL_(band)
20526	http://dbpedia.org/resource/Pete_Wylie#Wah.21
20536	http://dbpedia.org/resource/D.D.E.
20568	http://pl.dbpedia.org/resource/Ksi%C4%99%C5%BCyc_(grupa_muzyczna)
20586	http://pl.dbpedia.org/resource/Ewa_Braun_(grupa_muzyczna)
20593	http://pl.dbpedia.org/resource/Koli
20599	http://dbpedia.org/resource/The_Watchmen
20610	http://de.dbpedia.org/resource/Kapelle_der_Vers%C3%B6hnung_(Band)
20622	http://dbpedia.org/resource/Agnes_Monica
20685	http://dbpedia.org/resource/David_Mead
20702	http://dbpedia.org/resource/The_Cops_(band)
20733	http://pt.dbpedia.org/resource/N%C3%ADvea_Soares
20746	http://dbpedia.org/resource/Dels_(musician)
20795	http://dbpedia.org/resource/Ren%C3%A9_%26_Angela
20807	http://pl.dbpedia.org/resource/Zesp%C3%B3%C5%82_Reprezentacyjny
20818	http://pl.dbpedia.org/resource/Marek_Dyjak
20895	http://el.dbpedia.org/resource/%CE%A0%CF%85%CE%BE_%CE%9B%CE%B1%CE%BE
20925	http://ko.dbpedia.org/resource/%EB%B8%8C%EB%9D%BC%EC%9A%B4_%EC%95%84%EC%9D%B4%EB%93%9C_%EC%86%8C%EC%9A%B8
20932	http://dbpedia.org/resource/What_Happens_Next%3F
20936	http://ko.dbpedia.org/resource/%EA%B9%80%EB%B2%94%EC%88%98_(%EA%B0%80%EC%88%98)
21022	http://dbpedia.org/resource/The_Bob_%26_Tom_Show
21030	http://pl.dbpedia.org/resource/Stan_Mi%C5%82o%C5%9Bci_i_Zaufania
21038	http://dbpedia.org/resource/M'Black
21093	http://de.dbpedia.org/resource/Gerhard_Sch%C3%B6ne
21115	http://dbpedia.org/resource/Mock_%26_Toof
21127	http://dbpedia.org/resource/Danielson_Famile
21139	http://pl.dbpedia.org/resource/Vari%C3%A9t%C3%A9
21196	http://pl.dbpedia.org/resource/Magda_Umer
21200	http://dbpedia.org/resource/Martti_Vainaa_%26_Sallitut_aineet
21206	http://pl.dbpedia.org/resource/Czerwony_Tulipan
21242	http://pl.dbpedia.org/resource/Arka_Noego_(grupa_muzyczna)
21283	http://ko.dbpedia.org/resource/%EB%B8%8C%EB%A1%9C%EC%BD%9C%EB%A6%AC_%EB%84%88%EB%A7%88%EC%A0%80
21285	http://pl.dbpedia.org/resource/Mika_Urbaniak
21298	http://ko.dbpedia.org/resource/%EC%A7%80%EC%84%A0_(%EA%B0%80%EC%88%98)
21335	http://dbpedia.org/resource/Jaron_and_the_Long_Road_to_Love
21344	http://ko.dbpedia.org/resource/%EB%AF%B8%EB%A3%8C
21355	http://pl.dbpedia.org/resource/Ascetoholix
21361	http://dbpedia.org/resource/Kevin_Hart_(actor)
21439	http://dbpedia.org/resource/THUMPERS
21440	http://dbpedia.org/resource/KK_(Kevin_Kerrigan)
21591	http://dbpedia.org/resource/Rufige_Kru
21626	http://pl.dbpedia.org/resource/Firebirds
21637	http://dbpedia.org/resource/Fergus_%26_Geronimo
21643	http://pl.dbpedia.org/resource/Tadeusz_Wo%C5%BAniak_(muzyk)
21645	http://pl.dbpedia.org/resource/Roman_Kostrzewski
21655	http://dbpedia.org/resource/Dry_%26_Heavy
21663	http://pl.dbpedia.org/resource/TGD
21669	http://pl.dbpedia.org/resource/Silesian_Sound
21675	http://pl.dbpedia.org/resource/Via_Mistica
21687	http://pl.dbpedia.org/resource/Kobiety_(grupa_muzyczna)
21700	http://de.dbpedia.org/resource/Paddy_Goes_To_Holyhead
21708	http://pl.dbpedia.org/resource/NO!_NO!_NO!
21840	http://pl.dbpedia.org/resource/Kombii
21878	http://dbpedia.org/resource/Voltio
21884	http://dbpedia.org/resource/Lavay_Smith_%26_Her_Red_Hot_Skillet_Lickers
21903	http://dbpedia.org/resource/Toddle
21915	http://dbpedia.org/resource/Beck,_Bogert_%26_Appice
21915	http://de.dbpedia.org/resource/Beck,_Bogert_%26_Appice
21918	http://ko.dbpedia.org/resource/%EB%AC%B8%ED%9D%AC%EC%A4%80
21925	http://de.dbpedia.org/resource/Abst%C3%BCrzende_Brieftauben
21942	http://pt.dbpedia.org/resource/N%C3%A9lson_Cavaquinho
21966	http://pl.dbpedia.org/resource/Stasiak_(raper)
21979	http://ko.dbpedia.org/resource/%EA%B0%84%EB%AF%B8%EC%97%B0
22000	http://dbpedia.org/resource/Arise_(musician)
22090	http://pl.dbpedia.org/resource/Kowalski_(grupa_muzyczna)
22108	http://dbpedia.org/resource/Jason_Gray_(singer-songwriter)
22130	http://pt.dbpedia.org/resource/Claudinho_%26_Buchecha
22141	http://dbpedia.org/resource/Ozark_Mountain_Daredevils
22221	http://ko.dbpedia.org/resource/%EC%9E%A5%EC%9A%B0%ED%98%81
22240	http://ko.dbpedia.org/resource/%EB%82%98%EB%B9%84_(1986%EB%85%84)
22249	http://dbpedia.org/resource/D:Ream
22287	http://ko.dbpedia.org/resource/%EC%9D%B4%ED%99%8D%EA%B8%B0_(1990%EB%85%84)
22303	http://ko.dbpedia.org/resource/%EC%9D%B4%EC%86%8C%EB%9D%BC_(%EA%B0%80%EC%88%98)
22305	http://dbpedia.org/resource/Buz_aka_Frank_Altimare
22310	http://dbpedia.org/resource/Interstate_(Mike_Burns_%26_Mark_Lewis)
22331	http://ko.dbpedia.org/resource/%EA%B2%80%EC%A0%95%EC%B9%98%EB%A7%88
22347	http://dbpedia.org/resource/Tim_%26_Jean
22391	http://pl.dbpedia.org/resource/ZIP_Sk%C5%82ad
22399	http://pl.dbpedia.org/resource/Tymon_%26_The_Transistors
22488	http://dbpedia.org/resource/Blue_Effect
22501	http://dbpedia.org/resource/AM_%26_Shawn_Lee
22642	http://pl.dbpedia.org/resource/Farba_(grupa_muzyczna)
22665	http://dbpedia.org/resource/Secret_Secret_Dino_Club
22670	http://ko.dbpedia.org/resource/%EC%A0%9C%EC%9D%B4%EB%AF%BC_(1988%EB%85%84)
22705	http://dbpedia.org/resource/Love/Hate
22720	http://dbpedia.org/resource/Pokolg%C3%A9p
22722	http://pl.dbpedia.org/resource/KAT_%26_Roman_Kostrzewski
22754	http://pl.dbpedia.org/resource/Ryszard_Rynkowski
22771	http://dbpedia.org/resource/Makeshift_Romeo
22777	http://dbpedia.org/resource/Love_is_Red
22783	http://dbpedia.org/resource/Pia_Mia_Perez
22784	http://pl.dbpedia.org/resource/Liber_(raper)
22813	http://dbpedia.org/resource/El_Pino_%26_the_Volunteers
22849	http://dbpedia.org/resource/Michael_Jones_(musician)
22855	http://ko.dbpedia.org/resource/%EC%82%B0%EC%9D%B4
22861	http://dbpedia.org/resource/Supersister_(Dutch_band)
22868	http://pl.dbpedia.org/resource/Nauka_o_G%C3%B3wnie
22877	http://pl.dbpedia.org/resource/ZOO_(zesp%C3%B3%C5%82_muzyczny)
22879	http://pl.dbpedia.org/resource/Village_Kollektiv
22953	http://dbpedia.org/resource/The_Shore
23000	http://dbpedia.org/resource/Sagor_%26_Swing
23020	http://dbpedia.org/resource/Simon_Finn
23031	http://dbpedia.org/resource/John_%26_Jehn
23098	http://dbpedia.org/resource/BTR
23100	http://ko.dbpedia.org/resource/%EB%94%94%EC%96%B4_%ED%81%B4%EB%9D%BC%EC%9A%B0%EB%93%9C
23113	http://pl.dbpedia.org/resource/Buczer
23161	http://dbpedia.org/resource/Cappella_Istropolitana
23186	http://dbpedia.org/resource/Brewer_%26_Shipley
23187	http://dbpedia.org/resource/Juice%3DJuice
23242	http://pl.dbpedia.org/resource/Dr_Misio
23256	http://dbpedia.org/resource/Ravens_%26_Chimes
23267	http://de.dbpedia.org/resource/%C3%84l_Jawala
23278	http://dbpedia.org/resource/Asher_Book
23326	http://pl.dbpedia.org/resource/Natalia_Przybysz
23327	http://el.dbpedia.org/resource/%CE%9E%CF%8D%CE%BB%CE%B9%CE%BD%CE%B1_%CE%A3%CF%80%CE%B1%CE%B8%CE%B9%CE%AC
23346	http://dbpedia.org/resource/Jonathan_Lee_(record_producer)
23348	http://pl.dbpedia.org/resource/Pod_Bud%C4%85
23359	http://pl.dbpedia.org/resource/Artur_Gadowski
23394	http://pl.dbpedia.org/resource/CETI
23524	http://pl.dbpedia.org/resource/Bielizna_(grupa_muzyczna)
23525	http://dbpedia.org/resource/Alyosha
23651	http://dbpedia.org/resource/Gillan
23777	http://dbpedia.org/resource/Brokeback_(band)
23785	http://pl.dbpedia.org/resource/Jakub_Sienkiewicz
23791	http://dbpedia.org/resource/Delaney_%26_Bonnie
23870	http://dbpedia.org/resource/Juliette_Noureddine
23876	http://es.dbpedia.org/resource/Abel_pintos
23880	http://pl.dbpedia.org/resource/Olaf_Deriglasoff
23898	http://dbpedia.org/resource/Leama_%26_Moor
23903	http://dbpedia.org/resource/Nachtfalke
23943	http://dbpedia.org/resource/Dillard_%26_Clark
23972	http://dbpedia.org/resource/Westberlin_Maskulin
23984	http://ko.dbpedia.org/resource/%ED%83%80%EB%A3%A8
24023	http://dbpedia.org/resource/Marcus_Collins_(singer)
24028	http://pl.dbpedia.org/resource/Esqarial
24050	http://dbpedia.org/resource/Heroes_%26_Zeros
24135	http://dbpedia.org/resource/LC9_(Brown_Eyed_Boys)
24150	http://de.dbpedia.org/resource/Sektion_Kuchik%C3%A4schtli
24172	http://dbpedia.org/resource/Subway_(R%26B_group)
24221	http://dbpedia.org/resource/Lambert,_Hendricks_%26_Ross
24391	http://es.dbpedia.org/resource/Mart%C3%ADn_Buscaglia
24394	http://pl.dbpedia.org/resource/Rezerwat_(grupa_muzyczna)
24459	http://de.dbpedia.org/resource/Ex_N%C3%B6r_S%C3%A4x
24476	http://pl.dbpedia.org/resource/Road_Trip's_Over
24540	http://pl.dbpedia.org/resource/Neo_Retros
24543	http://es.dbpedia.org/resource/Rosario_Bl%C3%A9fari
24551	http://dbpedia.org/resource/Shadow_Child
24600	http://dbpedia.org/resource/King_Adora_(band)
24603	http://pl.dbpedia.org/resource/Makowiecki_Band
24648	http://es.dbpedia.org/resource/Los_Asl%C3%A1ndticos
24669	http://dbpedia.org/resource/Khanh_Ly
24684	http://dbpedia.org/resource/Cause_&_Effect_(band)
24700	http://dbpedia.org/resource/Yoshihide_%C5%8Ctomo
24742	http://dbpedia.org/resource/Eagle_Twin_(band)
24750	http://pt.dbpedia.org/resource/Marcos_%26_Belutti
24753	http://dbpedia.org/resource/Curse_Ov_Dialect
24765	http://dbpedia.org/resource/Nick_Skitz
24777	http://pl.dbpedia.org/resource/Jesus_Chrysler_Suicide
24788	http://es.dbpedia.org/resource/La_Ra%C3%ADz_(Grupo_Musical)
24817	http://es.dbpedia.org/resource/Kiko_%26_Shara
24818	http://dbpedia.org/resource/Micky_%26_the_Motorcars
24821	http://dbpedia.org/resource/The_Naked_Brothers_Band_(band)
24824	http://dbpedia.org/resource/Dog_blood
24863	http://dbpedia.org/resource/Lena_Chamamyan
24905	http://de.dbpedia.org/resource/Icke_%26_Er
24947	http://dbpedia.org/resource/Twelve_Gauge_Valentine
24967	http://dbpedia.org/resource/Dominici
25053	http://dbpedia.org/resource/Rhythm_Dhol_Bass
25056	http://pl.dbpedia.org/resource/Kryzys_(grupa_muzyczna)
25080	http://pl.dbpedia.org/resource/Jazzpospolita
25099	http://pl.dbpedia.org/resource/Papa_D
25111	http://de.dbpedia.org/resource/Mathias_Schaffh%C3%A4user
25120	http://ko.dbpedia.org/resource/%EB%A7%88%EC%9D%B4%ED%8B%B0_%EB%A7%88%EC%9A%B0%EC%8A%A4_(%EC%9D%8C%EC%95%85_%EA%B7%B8%EB%A3%B9)
25122	http://dbpedia.org/resource/Twinkle_Bajpai
25182	http://pl.dbpedia.org/resource/Anastasis
25187	http://de.dbpedia.org/resource/7for4
25290	http://dbpedia.org/resource/Odawas
25291	http://de.dbpedia.org/resource/Mono_f%C3%BCr_Alle!
25332	http://pl.dbpedia.org/resource/DJ_Decks
25369	http://dbpedia.org/resource/Steve_Appleton_(musician)
25395	http://dbpedia.org/resource/Tommy_Reilly
25486	http://dbpedia.org/resource/Stay%2B
25517	http://dbpedia.org/resource/The_K.G.B.
25537	http://de.dbpedia.org/resource/Roger_Baptist
25582	http://ko.dbpedia.org/resource/%EC%82%AC%EC%9D%B4%EB%A8%BC_%EB%8F%84%EB%AF%B8%EB%8B%89
25684	http://dbpedia.org/resource/R._Crumb_%26_His_Cheap_Suit_Serenaders
25685	http://dbpedia.org/resource/Gabby_Young_and_Other_Animals
25802	http://dbpedia.org/resource/Critical_Mass_(ska_band)
25806	http://dbpedia.org/resource/Roll_The_Dice_(band)
25807	http://dbpedia.org/resource/Teargas_%26_Plateglass
25823	http://pl.dbpedia.org/resource/Batalion_d'Amour
25888	http://de.dbpedia.org/resource/Effi_(Band)
25898	http://pl.dbpedia.org/resource/Katarzyna_Klich
25986	http://ko.dbpedia.org/resource/%EC%95%BC%EA%B4%91%ED%86%A0%EB%81%BC
26031	http://dbpedia.org/resource/Phoenecia
26065	http://pl.dbpedia.org/resource/Rotary
26114	http://es.dbpedia.org/resource/Vh%C3%A4ldemar
26120	http://es.dbpedia.org/resource/Lisab%C3%B6
26172	http://dbpedia.org/resource/Christian_TV_(musician)
26254	http://dbpedia.org/resource/Nguyen_Le
26261	http://dbpedia.org/resource/Julian_Fane_(Canadian_musician)
26326	http://dbpedia.org/resource/Victim's_Family
26331	http://de.dbpedia.org/resource/Die_T%C3%BCren
26332	http://pl.dbpedia.org/resource/Ewa_Bem
26365	http://dbpedia.org/resource/Desi_Slava
26409	http://dbpedia.org/resource/Daniel_Kahn_%26_The_Painted_Bird
26409	http://de.dbpedia.org/resource/Daniel_Kahn_%26_The_Painted_Bird
26427	http://de.dbpedia.org/resource/Die_H%C3%B6chste_Eisenbahn
26481	http://es.dbpedia.org/resource/%C3%81rbol_(banda)
26544	http://pl.dbpedia.org/resource/Bohema_(grupa_muzyczna)
26582	http://ko.dbpedia.org/resource/%EB%8D%94_%EC%BD%B0%EC%9D%B4%EC%97%87
26601	http://dbpedia.org/resource/Her_Majesty_%26_The_Wolves
26723	http://dbpedia.org/resource/Da_Youngstas
26730	http://dbpedia.org/resource/Adonis_(artist)
26753	http://dbpedia.org/resource/Robson_%26_Jerome
26760	http://el.dbpedia.org/resource/%CE%9A%CF%89%CE%BD%CF%83%CF%84%CE%B1%CE%BD%CF%84%CE%AF%CE%BD%CE%BF%CF%82_%CE%92%CE%AE%CF%84%CE%B1
26852	http://pl.dbpedia.org/resource/Bez_Jacka
26889	http://pl.dbpedia.org/resource/IncarNations
26893	http://dbpedia.org/resource/Skint_%26_Demoralised
26956	http://dbpedia.org/resource/Peace_Love_%26_Pitbulls
26971	http://dbpedia.org/resource/Dirge_Within
26992	http://es.dbpedia.org/resource/C%C3%B3mplices_(d%C3%BAo)
27051	http://ko.dbpedia.org/resource/%ED%81%AC%EB%A3%A8%EC%85%9C_%EC%8A%A4%ED%83%80
27071	http://dbpedia.org/resource/Salif
27078	http://ko.dbpedia.org/resource/%EC%9D%B4%EC%A0%81_(%EA%B0%80%EC%88%98)
27106	http://de.dbpedia.org/resource/Tonbandger%C3%A4t_(Band)
27132	http://es.dbpedia.org/resource/Eruca_sativa_(banda)
27133	http://dbpedia.org/resource/Willie_%26_Lobo
27195	http://ko.dbpedia.org/resource/%EC%9C%88%ED%84%B0%ED%94%8C%EB%A0%88%EC%9D%B4
27222	http://dbpedia.org/resource/Monchy_y_Alexandra
27222	http://es.dbpedia.org/resource/Monchy_%26_Alexandra
27234	http://dbpedia.org/resource/Richard_H._Kirk
27234	http://dbpedia.org/resource/Richard_Kirk_(musician)
27237	http://de.dbpedia.org/resource/C%C3%A4the
27274	http://dbpedia.org/resource/Emel_Say%C4%B1n
27285	http://es.dbpedia.org/resource/%C3%81lex_Anwandter
27308	http://dbpedia.org/resource/Jessica_Jarrell
27398	http://pt.dbpedia.org/resource/P9
27443	http://ko.dbpedia.org/resource/%EC%9E%A5%EA%B8%B0%ED%95%98%EC%99%80_%EC%96%BC%EA%B5%B4%EB%93%A4
27449	http://dbpedia.org/resource/Stefan_Andersson
27456	http://ko.dbpedia.org/resource/%EC%A1%B0%EC%84%B1%EB%AA%A8
27482	http://dbpedia.org/resource/Plug_1_%26_Plug_2_Present..._First_Serve
27499	http://dbpedia.org/resource/Smokey_%26_Miho
27513	http://de.dbpedia.org/resource/Wolfgang_M%C3%BCller_(Musiker)
27542	http://ko.dbpedia.org/resource/%EC%A0%9C%EC%9D%B4%EB%A0%88%EB%B9%97
27556	http://dbpedia.org/resource/Aya_(artist)
27564	http://pl.dbpedia.org/resource/Roman_Rocze%C5%84
27635	http://ko.dbpedia.org/resource/%EC%9A%94%EC%A1%B0
27648	http://pl.dbpedia.org/resource/Zbigniew_Wodecki
27657	http://dbpedia.org/resource/AgesandAges
27668	http://pl.dbpedia.org/resource/Gra%C5%BCyna_%C5%81obaszewska
27675	http://dbpedia.org/resource/Dorso_(band)
27686	http://es.dbpedia.org/resource/Peque%C3%B1a_orquesta_reincidentes
27705	http://pl.dbpedia.org/resource/Szwagierkolaska
27736	http://ko.dbpedia.org/resource/%EB%85%B8%EB%9D%BC%EC%A1%B0
27773	http://dbpedia.org/resource/London_(band)
27795	http://de.dbpedia.org/resource/Tribute_To_Nothing
27796	http://ko.dbpedia.org/resource/%EB%B0%B0%EC%B9%98%EA%B8%B0
27818	http://de.dbpedia.org/resource/Ibo_(Schlagers%C3%A4nger)
27857	http://de.dbpedia.org/resource/Wisecr%C3%A4cker
27927	http://de.dbpedia.org/resource/Kurt_Kr%C3%B6mer
27933	http://es.dbpedia.org/resource/Eugenia_Le%C3%B3n
28020	http://pl.dbpedia.org/resource/Krzysztof_Klenczon
28035	http://pl.dbpedia.org/resource/Ma%C5%82gorzata_Ostrowska_(piosenkarka)
28196	http://pl.dbpedia.org/resource/Thy_Worshiper
28199	http://dbpedia.org/resource/The_Court_%26_Spark
28250	http://ko.dbpedia.org/resource/%EC%95%88%EB%85%95%EB%B0%94%EB%8B%A4
28261	http://dbpedia.org/resource/Storm_%26_Stress
28265	http://dbpedia.org/resource/Ultraviolence
28268	http://dbpedia.org/resource/John_Cafferty_%26_The_Beaver_Brown_Band
28278	http://ko.dbpedia.org/resource/%EA%B0%80%EC%9D%84%EB%B0%A9%ED%95%99_(%EC%9D%8C%EC%95%85_%EA%B7%B8%EB%A3%B9)
28304	http://pl.dbpedia.org/resource/Czarno-Czarni
28329	http://pt.dbpedia.org/resource/BNeg%C3%A3o
28440	http://dbpedia.org/resource/Magnate_%26_Valentino
28448	http://pl.dbpedia.org/resource/Mariusz_Lubomski
28449	http://ko.dbpedia.org/resource/%EB%AF%B8%EC%8A%A4%ED%8B%B0_%EB%B8%94%EB%A3%A8
28463	http://dbpedia.org/resource/Sensational
28591	http://dbpedia.org/resource/UFO_%26_Yepha
28643	http://pl.dbpedia.org/resource/Ziyo
28673	http://pl.dbpedia.org/resource/Anal_Stench
28701	http://pl.dbpedia.org/resource/Maciej_Balcar
28702	http://pl.dbpedia.org/resource/Andrzej_Grabowski_(aktor)
28719	http://de.dbpedia.org/resource/Phrasenm%C3%A4her_(Band)
28734	http://de.dbpedia.org/resource/Arktika
28763	http://pt.dbpedia.org/resource/Ritchie#Discografia
28771	http://dbpedia.org/resource/Zhou_Mi_(entertainer)
28771	http://ko.dbpedia.org/resource/%EC%A1%B0%EB%AF%B8_(1986%EB%85%84)
28796	http://pl.dbpedia.org/resource/Oxy.gen
28809	http://pl.dbpedia.org/resource/Wojciech_Pilichowski
28814	http://de.dbpedia.org/resource/R%C3%BCdiger_Hoffmann
28817	http://dbpedia.org/resource/Ho_Ngoc_Ha
28911	http://pl.dbpedia.org/resource/WU-HAE
28933	http://pl.dbpedia.org/resource/Tom_Swoon
29008	http://de.dbpedia.org/resource/Eure_M%C3%BCtter
29049	http://pl.dbpedia.org/resource/Robert_Chojnacki
29057	http://pl.dbpedia.org/resource/Made_in_Poland_(grupa_muzyczna)
29062	http://pl.dbpedia.org/resource/Jacek_Kowalski
29116	http://es.dbpedia.org/resource/La_Trampa_(banda_espa%C3%B1ola)
29125	http://pt.dbpedia.org/resource/JP_Sim%C3%B5es
29192	http://ko.dbpedia.org/resource/%EA%B9%80%EC%9C%A4%EC%95%84
29199	http://dbpedia.org/resource/All_The_Young
29200	http://de.dbpedia.org/resource/Die_Coolen_S%C3%A4ue
29276	http://dbpedia.org/resource/Belborn
29319	http://dbpedia.org/resource/Among_the_Oak_%26_Ash
29334	http://ko.dbpedia.org/resource/%EB%B0%B0%ED%8B%80_(%EC%9D%8C%EC%95%85_%EA%B7%B8%EB%A3%B9)
29347	http://pl.dbpedia.org/resource/WSP_(grupa_muzyczna)
29374	http://pl.dbpedia.org/resource/Zbigniew_Ho%C5%82dys
29394	http://dbpedia.org/resource/Randy_and_Jason_Sklar
29400	http://ko.dbpedia.org/resource/%EC%86%8C%EA%B7%9C%EB%AA%A8_%EC%95%84%EC%B9%B4%EC%8B%9C%EC%95%84_%EB%B0%B4%EB%93%9C
29455	http://pl.dbpedia.org/resource/Doniu
29471	http://es.dbpedia.org/resource/Sangtra%C3%AFt
29555	http://dbpedia.org/resource/Fire_Inc.
29650	http://es.dbpedia.org/resource/Trotsky_Vengar%C3%A1n
29664	http://ko.dbpedia.org/resource/%EB%85%B8%EC%9D%84_(%EA%B0%80%EC%88%98)
29731	http://dbpedia.org/resource/Mark_Templeton_(electronic_artist)
29732	http://pl.dbpedia.org/resource/Abused_Majesty
29809	http://dbpedia.org/resource/Bill_Fox
29857	http://de.dbpedia.org/resource/Oonagh
29867	http://dbpedia.org/resource/Frank_Stokes
29872	http://de.dbpedia.org/resource/Tefla_%26_Jaleel
29881	http://de.dbpedia.org/resource/El_Bosso_%26_die_Ping-Pongs
29909	http://es.dbpedia.org/resource/Denisse_Malebr%C3%A1n
30058	http://dbpedia.org/resource/Los_Bastardos_Finlandeses_(band)
30076	http://ko.dbpedia.org/resource/%EC%98%A5%EC%83%81%EB%8B%AC%EB%B9%9B
30158	http://ko.dbpedia.org/resource/%EA%B8%B8%EB%AF%B8
30225	http://dbpedia.org/resource/The_Bags_(formed_1985)
30230	http://ko.dbpedia.org/resource/%EA%B9%80%EC%97%B0%EC%9A%B0
30257	http://ko.dbpedia.org/resource/%EC%A0%95%EC%97%BD_(1977%EB%85%84)
30310	http://ko.dbpedia.org/resource/%EC%B9%B5%EC%8A%A4
30344	http://dbpedia.org/resource/Jim_%26_Jesse
30383	http://el.dbpedia.org/resource/%CE%A6%CE%BF%CE%AF%CE%B2%CE%BF%CF%82_%CE%94%CE%B5%CE%BB%CE%B7%CE%B2%CE%BF%CF%81%CE%B9%CE%AC%CF%82
30389	http://pl.dbpedia.org/resource/Mademoiselle_Karen
30420	http://dbpedia.org/resource/I_Divide_(Band)
30468	http://ko.dbpedia.org/resource/%ED%95%9C%ED%95%B4
30518	http://pl.dbpedia.org/resource/Letters_From_Silence
30554	http://dbpedia.org/resource/IBOPA
30557	http://dbpedia.org/resource/Rip_Rig_%2B_Panic
30585	http://pl.dbpedia.org/resource/Halina_Fr%C4%85ckowiak
30632	http://dbpedia.org/resource/Kevin_Costner_and_Modern_West
30644	http://dbpedia.org/resource/Crackout_(Band)
30650	http://dbpedia.org/resource/Rhydian
30659	http://dbpedia.org/resource/Greenthink
30913	http://dbpedia.org/resource/Flim_%26_the_BB's
30919	http://dbpedia.org/resource/Sharon,_Lois_%26_Bram
30925	http://pl.dbpedia.org/resource/Marek_Piekarczyk
30935	http://dbpedia.org/resource/Shanell_Woodgett
30946	http://ko.dbpedia.org/resource/%EB%A7%A4%EB%93%9C_%ED%81%B4%EB%9D%BC%EC%9A%B4
31019	http://el.dbpedia.org/resource/%CE%9F%CF%81%CF%86%CE%AD%CE%B1%CF%82_%CE%A0%CE%B5%CF%81%CE%AF%CE%B4%CE%B7%CF%82
31084	http://es.dbpedia.org/resource/Al%C3%AD_Primera
31114	http://ko.dbpedia.org/resource/%EB%9D%BC%EC%9D%B4%EB%84%88%EC%8A%A4%EC%9D%98_%EB%8B%B4%EC%9A%94
31117	http://dbpedia.org/resource/Lantana_(singer)#Music_career
31122	http://es.dbpedia.org/resource/Jorge_Sal%C3%A1n
31177	http://de.dbpedia.org/resource/Kotzreiz
31185	http://pl.dbpedia.org/resource/S%C5%82awa_Przybylska
31245	http://dbpedia.org/resource/Acid_Mothers_Temple#Acid_Mothers_Temple_.26_the_Cosmic_Inferno
31323	http://dbpedia.org/resource/Jones_%26_Stephenson
31372	http://pl.dbpedia.org/resource/Stare_Dzwony
31373	http://dbpedia.org/resource/Brat_Pack_(hardcorepunk_band)
31390	http://dbpedia.org/resource/The_SOS_Band
31392	http://es.dbpedia.org/resource/Jos%C3%A9_Andr%C3%ABa
31408	http://dbpedia.org/resource/Larry_Chance_and_the_Earls
31425	http://dbpedia.org/resource/Mick_Boogie
31557	http://ko.dbpedia.org/resource/%EC%96%91%ED%8C%8C_(%EA%B0%80%EC%88%98)
31558	http://de.dbpedia.org/resource/Die_Sch%C3%A4fer
31586	http://dbpedia.org/resource/Anas_Habib
31598	http://pt.dbpedia.org/resource/R%C3%A1dio_Macau
31643	http://pl.dbpedia.org/resource/Ma%C5%82olat
31661	http://es.dbpedia.org/resource/Fernando_Cabrera_(m%C3%BAsico)
31733	http://dbpedia.org/resource/A%2B_(rapper)
31763	http://dbpedia.org/resource/Demons_&_Wizards
31848	http://ko.dbpedia.org/resource/%EA%B9%80%EC%82%AC%EB%9E%91_(%EA%B0%80%EC%88%98)
31856	http://pl.dbpedia.org/resource/Agnieszka_Chrzanowska
31866	http://ko.dbpedia.org/resource/%EB%82%98%EC%96%BC
31901	http://dbpedia.org/resource/Today_I_Caught_the_Plague
31912	http://ko.dbpedia.org/resource/%ED%97%88%ED%81%B4%EB%B2%A0%EB%A6%AC%ED%95%80_(%EB%8C%80%ED%95%9C%EB%AF%BC%EA%B5%AD%EC%9D%98_%EB%B0%B4%EB%93%9C)
31952	http://pl.dbpedia.org/resource/Wolf_Spider
31974	http://pl.dbpedia.org/resource/Wojtas_(raper)
31982	http://ko.dbpedia.org/resource/%EC%9D%B4%EC%A7%80%ED%98%95
31988	http://de.dbpedia.org/resource/Babylove_%26_The_Van_Dangos
32189	http://dbpedia.org/resource/GodheadSilo
32201	http://pl.dbpedia.org/resource/Big_Day
32250	http://pl.dbpedia.org/resource/Duan
32253	http://pl.dbpedia.org/resource/Emigranci_(grupa_muzyczna)
32291	http://pl.dbpedia.org/resource/Anna_Jurksztowicz
32325	http://dbpedia.org/resource/Nikki_%26_Rich
32337	http://dbpedia.org/resource/Sheena_%26_The_Rokkets
32360	http://pl.dbpedia.org/resource/Ireneusz_Dudek
32452	http://dbpedia.org/resource/Kincade
32456	http://pl.dbpedia.org/resource/Hania_Stach
32464	http://dbpedia.org/resource/H_%26_Claire
32465	http://es.dbpedia.org/resource/Miki_Gonz%C3%A1lez
32480	http://dbpedia.org/resource/Fingers_In_The_Noise
32502	http://de.dbpedia.org/resource/Holger_M%C3%BCller
32507	http://ko.dbpedia.org/resource/%EC%8A%A4%EC%9C%99%EC%8A%A4
32512	http://de.dbpedia.org/resource/Final_Breath
32617	http://pl.dbpedia.org/resource/NieBoNie
32677	http://pt.dbpedia.org/resource/Samuel_%C3%9Aria
32686	http://dbpedia.org/resource/My_Linh
32780	http://dbpedia.org/resource/8-Eyed_Spy
32791	http://pl.dbpedia.org/resource/Dr._Huckenbush
32803	http://pl.dbpedia.org/resource/Perunwit
32966	http://pl.dbpedia.org/resource/Janusz_Laskowski
33018	http://pl.dbpedia.org/resource/Wojciech_Waglewski
33036	http://pt.dbpedia.org/resource/Maur%C3%ADcio_Manieri
33069	http://pl.dbpedia.org/resource/Mordewind_(grupa_muzyczna)
33076	http://ko.dbpedia.org/resource/%EB%B0%95%ED%98%9C%EA%B2%BD_(%EA%B0%80%EC%88%98)
33143	http://es.dbpedia.org/resource/Carmen_Par%C3%ADs
33195	http://pl.dbpedia.org/resource/Armagedon_(grupa_muzyczna)
33205	http://pl.dbpedia.org/resource/El%C5%BCbieta_Adamiak_(piosenkarka)
33228	http://dbpedia.org/resource/Leeroy_reed
33327	http://dbpedia.org/resource/Brenna_MacCrimmon
33423	http://de.dbpedia.org/resource/Phon%C2%B0noir
33527	http://de.dbpedia.org/resource/Clowns_%26_Helden
33623	http://de.dbpedia.org/resource/Robert_G%C3%B6rl
33640	http://dbpedia.org/resource/Bats_%26_Mice
33659	http://dbpedia.org/resource/Shinji_Tanimura
33665	http://dbpedia.org/resource/Some_%26_Any
33665	http://de.dbpedia.org/resource/Some_%26_Any
33705	http://dbpedia.org/resource/UHF_(band)
33746	http://pl.dbpedia.org/resource/Krzysztof_Kasowski
33782	http://es.dbpedia.org/resource/Peter_Manjarr%C3%A9s
33802	http://dbpedia.org/resource/PJ_%26_Duncan_discography
33844	http://dbpedia.org/resource/Kalahari_Surfers
33886	http://pl.dbpedia.org/resource/Marek_Jackowski
33899	http://dbpedia.org/resource/Kaveh_Yaghmaei
33910	http://de.dbpedia.org/resource/Dagobert_(S%C3%A4nger)
33914	http://dbpedia.org/resource/Moebius_%26_Plank
33932	http://ko.dbpedia.org/resource/%EB%A7%88%EC%8A%A4%ED%83%80_%EC%9A%B0
34030	http://pl.dbpedia.org/resource/Dumbs
34049	http://pl.dbpedia.org/resource/Wanda_i_Banda
34070	http://dbpedia.org/resource/Captain_Funk
34137	http://dbpedia.org/resource/Devils_Whorehouse
34250	http://dbpedia.org/resource/Mr_Hudson#2011-present:_BIGkids
34259	http://ko.dbpedia.org/resource/%EC%A7%80%EC%9D%80
34314	http://pt.dbpedia.org/resource/Os_Incr%C3%ADveis_(banda)
34360	http://el.dbpedia.org/resource/%CE%95%CE%BD%CE%B4%CE%B5%CE%BB%CE%AD%CF%87%CE%B5%CE%B9%CE%B1_(%CF%83%CF%85%CE%B3%CE%BA%CF%81%CF%8C%CF%84%CE%B7%CE%BC%CE%B1)
34489	http://dbpedia.org/resource/Feu_Th%C3%A9r%C3%A8se
34539	http://pl.dbpedia.org/resource/Uniqplan
34548	http://pt.dbpedia.org/resource/Tet%C3%AA_Esp%C3%ADndola
34555	http://ko.dbpedia.org/resource/%EB%B0%95%EA%B8%B0%EC%98%81_(%EA%B0%80%EC%88%98)
34667	http://dbpedia.org/resource/Lil_Simz
34686	http://dbpedia.org/resource/Monk_%26_Neagle
34687	http://de.dbpedia.org/resource/Der_Fall_B%C3%B6se
34706	http://de.dbpedia.org/resource/Stermann_%26_Grissemann
34731	http://es.dbpedia.org/resource/Las_Migas
34732	http://es.dbpedia.org/resource/Ob%C3%BAs_(banda)
34794	http://pl.dbpedia.org/resource/Janusz_Grzywacz
34830	http://dbpedia.org/resource/Poxy_Boggards
34869	http://pl.dbpedia.org/resource/Tyma%C5%84ski_Yass_Ensemble
34875	http://pl.dbpedia.org/resource/Jacek_Bo%C5%84czyk
34917	http://dbpedia.org/resource/C_Real
34933	http://dbpedia.org/resource/Kim_Hill
35013	http://dbpedia.org/resource/Languis
35088	http://el.dbpedia.org/resource/%CE%9C%CE%B9%CE%BB%CF%84%CE%B9%CE%AC%CE%B4%CE%B7%CF%82_%CE%A0%CE%B1%CF%83%CF%87%CE%B1%CE%BB%CE%AF%CE%B4%CE%B7%CF%82
35138	http://de.dbpedia.org/resource/Torpus_%26_the_Art_Directors
35140	http://pl.dbpedia.org/resource/Futro_(grupa_muzyczna)
35157	http://es.dbpedia.org/resource/Rebeca_Jim%C3%A9nez
35197	http://dbpedia.org/resource/Shota_Yasuda
35205	http://dbpedia.org/resource/The_Open_Mind
35221	http://de.dbpedia.org/resource/Mr._X_%26_Mr._Y
35226	http://dbpedia.org/resource/7_Samurai_(artist)
35309	http://pl.dbpedia.org/resource/Tomasz_Lipi%C5%84ski
35338	http://dbpedia.org/resource/The_Show_is_the_Rainbow
35345	http://dbpedia.org/resource/Daniel_Estrem
35473	http://dbpedia.org/resource/Colin_Buchanan
35596	http://dbpedia.org/resource/Utah_Symphony_%E2%80%93_Utah_Opera
35619	http://pl.dbpedia.org/resource/Krzysztof_Myszkowski
35621	http://ko.dbpedia.org/resource/%EA%B9%80%ED%95%B4%EC%8B%AC
35667	http://dbpedia.org/resource/K%C5%8Dji_Nakamura
35698	http://pl.dbpedia.org/resource/JedenSiedem
35741	http://el.dbpedia.org/resource/%CE%9D%CE%B1%CF%84%CE%AC%CF%83%CF%83%CE%B1_%CE%9C%CF%80%CE%BF%CF%86%CE%AF%CE%BB%CE%B9%CE%BF%CF%85
35809	http://de.dbpedia.org/resource/The_Coalminers%E2%80%99_Beat
35964	http://pl.dbpedia.org/resource/W%C5%82odzimierz_Pawlik
36020	http://pt.dbpedia.org/resource/Jos%C3%A9_M%C3%A1rio_Branco
36032	http://dbpedia.org/resource/Hangry_%26_Angry
36085	http://ko.dbpedia.org/resource/%ED%84%B0%EB%B3%B4
36103	http://dbpedia.org/resource/Daniel_Ellsworth_%26_The_Great_Lakes
36105	http://pl.dbpedia.org/resource/Pa%C5%84stwowy_Zesp%C3%B3%C5%82_Ludowy_Pie%C5%9Bni_i_Ta%C5%84ca_%E2%80%9EMazowsze%E2%80%9D
36196	http://pl.dbpedia.org/resource/Kapitan_Nemo_(wokalista)
36256	http://ko.dbpedia.org/resource/%EC%A1%B0%EA%B7%9C%EC%B0%AC
36294	http://pl.dbpedia.org/resource/Robert_Janson
36423	http://dbpedia.org/resource/R.K.M_%26_Ken-Y
36432	http://dbpedia.org/resource/Jimmy_London
36478	http://dbpedia.org/resource/3%2B2_(band)
36527	http://dbpedia.org/resource/5dolls
36579	http://es.dbpedia.org/resource/Mal%C3%B3n_(banda)
36778	http://dbpedia.org/resource/Flo_%26_Eddie
36947	http://dbpedia.org/resource/Ginnungagap_(band)
36990	http://ko.dbpedia.org/resource/%EA%B9%80%EC%99%84%EC%84%A0
37063	http://ko.dbpedia.org/resource/%EC%9D%B4%EB%A3%A8%ED%8E%80%ED%8A%B8
37080	http://dbpedia.org/resource/Jeffrey_Wright
37098	http://ko.dbpedia.org/resource/%EC%9D%B4%EB%94%94%EC%98%A4%ED%85%8C%EC%9E%8E
37104	http://pl.dbpedia.org/resource/Thinkadelic
37108	http://dbpedia.org/resource/El_M%C3%A9dico
37121	http://pt.dbpedia.org/resource/Alm%C3%B4ndegas
37229	http://pl.dbpedia.org/resource/Jerzy_Po%C5%82omski
37246	http://dbpedia.org/resource/Yukana
37247	http://dbpedia.org/resource/Kane_%26_Abel_(group)
37268	http://ko.dbpedia.org/resource/%EC%A0%95%EC%9E%AC%ED%98%95
37375	http://pl.dbpedia.org/resource/Grzegorz_Skawi%C5%84ski
37470	http://dbpedia.org/resource/Bash_%26_Pop
37561	http://ko.dbpedia.org/resource/%ED%95%B8%EC%84%AC%ED%94%BC%ED%94%8C
37579	http://dbpedia.org/resource/Amsterdam_Baroque_Orchestra_%26_Choir
37752	http://pl.dbpedia.org/resource/One_Million_Bulgarians
37792	http://ko.dbpedia.org/resource/%EC%95%84%ED%8F%B4%EB%A1%9C_18_(%EC%9D%8C%EC%95%85_%EA%B7%B8%EB%A3%B9)
37819	http://dbpedia.org/resource/Alexander_Kniazev
37850	http://dbpedia.org/resource/Kevin_Locke
37868	http://pl.dbpedia.org/resource/Kremlowskie_Kuranty
37891	http://de.dbpedia.org/resource/Concerto_K%C3%B6ln
37935	http://dbpedia.org/resource/RPK_(rapper)
37961	http://pl.dbpedia.org/resource/Magda_Femme
37980	http://dbpedia.org/resource/Def_P_%26_Beatbusters
37985	http://dbpedia.org/resource/Adeem_(hip_hop_artist)
37987	http://pt.dbpedia.org/resource/Xangai_(m%C3%BAsico)
38039	http://ko.dbpedia.org/resource/%EB%B9%84%ED%94%84%EB%A6%AC
38106	http://pl.dbpedia.org/resource/Andrzej_D%C4%85browski_(piosenkarz)
38128	http://el.dbpedia.org/resource/%CE%A1%CF%8C%CE%B4%CE%B5%CF%82_(%CF%83%CF%85%CE%B3%CE%BA%CF%81%CF%8C%CF%84%CE%B7%CE%BC%CE%B1)
38139	http://dbpedia.org/resource/Pig_With_The_Face_Of_A_Boy
38156	http://pl.dbpedia.org/resource/Alibabki
38526	http://pl.dbpedia.org/resource/L-D%C3%B3pa
38636	http://de.dbpedia.org/resource/J%C3%BCrgen_Knieper
38685	http://ko.dbpedia.org/resource/%EB%B2%84%EC%A6%88_(%EB%8C%80%ED%95%9C%EB%AF%BC%EA%B5%AD%EC%9D%98_%EB%B0%B4%EB%93%9C)
38713	http://de.dbpedia.org/resource/ULMe
38716	http://dbpedia.org/resource/Ou_Est_Le_Swimming_Pool
38786	http://de.dbpedia.org/resource/R%C3%BCdiger_Bierhorst
38902	http://pl.dbpedia.org/resource/Jaros%C5%82aw_%C5%9Amietana
38902	http://de.dbpedia.org/resource/Jaros%C5%82aw_%C5%9Amietana
38908	http://pt.dbpedia.org/resource/Maur%C3%ADcio_Pereira
38963	http://ko.dbpedia.org/resource/%EA%B0%9C%EC%BD%94
39113	http://dbpedia.org/resource/List_of_Suzuka_music#Suzuka_singles_album
39150	http://dbpedia.org/resource/Meindert_Talma_%26_the_Negroes
39154	http://dbpedia.org/resource/The_Paper_and_the_Plane
39165	http://pl.dbpedia.org/resource/Eugeniusz_Bodo
39214	http://pl.dbpedia.org/resource/Haiku_Fristajl
39237	http://pt.dbpedia.org/resource/P%C3%A9ricles_(cantor)
39256	http://pl.dbpedia.org/resource/Marek_Napi%C3%B3rkowski
39344	http://pl.dbpedia.org/resource/Natasza_Urba%C5%84ska
39498	http://pl.dbpedia.org/resource/Gedeon_Jerubbaal
39555	http://de.dbpedia.org/resource/Laura_L%C3%B3pez_Castro
39595	http://dbpedia.org/resource/Cherie_(singer)
39611	http://pl.dbpedia.org/resource/Deus_Meus
39663	http://dbpedia.org/resource/Gerrell_Gaddis
39691	http://ko.dbpedia.org/resource/%EA%B5%AD%EC%B9%B4%EC%8A%A4%ED%85%90
39760	http://dbpedia.org/resource/List_of_Macross_characters#Sharon_Apple
39784	http://de.dbpedia.org/resource/Die_kleinen_G%C3%B6tter
39790	http://es.dbpedia.org/resource/Ella_es_tan_cargosa
39836	http://dbpedia.org/resource/Joe_Loss#Joe_Loss_Orchestra
39935	http://ko.dbpedia.org/resource/%EB%8B%AC%EB%B9%9B%EC%9A%94%EC%A0%95%EC%97%AD%EC%A0%84%EB%A7%8C%EB%A3%A8%ED%99%88%EB%9F%B0
39940	http://pl.dbpedia.org/resource/Cytrus_(grupa_muzyczna)
40039	http://pl.dbpedia.org/resource/DJ_Deszczu_Strugi
40060	http://pl.dbpedia.org/resource/Veronica_Mortensen
40069	http://ko.dbpedia.org/resource/%EA%B0%9C%EB%A6%AC_(%EA%B0%80%EC%88%98)
40073	http://de.dbpedia.org/resource/Anna_Katharina_Kr%C3%A4nzlein
40150	http://de.dbpedia.org/resource/R%C3%A4uber_(Band)
40193	http://dbpedia.org/resource/Merit_(band)
40256	http://dbpedia.org/resource/Chad_Price_(singer)
40265	http://dbpedia.org/resource/Chalk_Circle
40289	http://es.dbpedia.org/resource/Julio_Cort%C3%A1zar
40335	http://dbpedia.org/resource/3rd_Storee_(group)
40374	http://el.dbpedia.org/resource/%CE%93%CE%B9%CE%AC%CE%BD%CE%BD%CE%B7%CF%82_%CE%9A%CF%8C%CF%84%CF%83%CE%B9%CF%81%CE%B1%CF%82
40477	http://ko.dbpedia.org/resource/%EC%A0%95%EA%B8%B0%EA%B3%A0
40578	http://dbpedia.org/resource/The_Fools_(band)
40598	http://dbpedia.org/resource/Stevie_Wright
40612	http://pl.dbpedia.org/resource/Button_Hackers
40636	http://dbpedia.org/resource/Ryan_Ferguson
40655	http://pl.dbpedia.org/resource/Janusz_Panasewicz
40703	http://dbpedia.org/resource/Rugsted_%26_Kreutzfeldt
40875	http://pl.dbpedia.org/resource/Trubadurzy_(grupa_muzyczna)
40916	http://pl.dbpedia.org/resource/Al_Sirat
40992	http://dbpedia.org/resource/Christian_Hansen_%26_The_Autistics
41050	http://pl.dbpedia.org/resource/RSC
41102	http://ko.dbpedia.org/resource/%EC%9C%88%EB%94%94_%EC%8B%9C%ED%8B%B0_(%EB%B0%B4%EB%93%9C)
41127	http://ko.dbpedia.org/resource/%EB%8D%94_%EC%9B%90_(%EA%B0%80%EC%88%98)
41215	http://de.dbpedia.org/resource/Soilent_Gr%C3%BCn
41254	http://de.dbpedia.org/resource/Mil%C3%B9
41266	http://dbpedia.org/resource/Thomas_Ring_Petersen
41317	http://dbpedia.org/resource/Macross_Frontier#Main_characters
41319	http://ko.dbpedia.org/resource/%EA%B8%B8%ED%95%99%EB%AF%B8
41364	http://pl.dbpedia.org/resource/Andrzej_Smolik
41523	http://dbpedia.org/resource/Jonny_Kearney_%26_Lucy_Farrell
41562	http://dbpedia.org/resource/Queen_%26_Elizabeth
41564	http://dbpedia.org/resource/The_Doughboys_(New_Jersey_band)
41580	http://dbpedia.org/resource/Intrigue
41602	http://dbpedia.org/resource/User:Bytherivers
41628	http://pl.dbpedia.org/resource/Kabaret_Moralnego_Niepokoju
41650	http://pl.dbpedia.org/resource/Leszcze_(grupa_muzyczna)
41675	http://pl.dbpedia.org/resource/Etna_(grupa_muzyczna)
41951	http://de.dbpedia.org/resource/B%C3%BClent_Ceylan
42102	http://es.dbpedia.org/resource/Doctor_Kr%C3%A1pula
42154	http://dbpedia.org/resource/Eddie_%26_Ernie
42164	http://dbpedia.org/resource/The_Devils
42206	http://es.dbpedia.org/resource/Tan_Bi%C3%B3nica
42312	http://dbpedia.org/resource/Meindert_Talma_%26_the_Negroes
42359	http://pl.dbpedia.org/resource/Maciej_Kossowski
42367	http://pl.dbpedia.org/resource/%C5%9Acigani
42415	http://de.dbpedia.org/resource/Evelyn_K%C3%BCnneke
42522	http://pl.dbpedia.org/resource/Klincz_(grupa_muzyczna)
42575	http://es.dbpedia.org/resource/Los_Est%C3%B3magos
42681	http://es.dbpedia.org/resource/Petrona_Mart%C3%ADnez
42748	http://ko.dbpedia.org/resource/%EB%AC%B8%EC%A7%80%EC%9D%80
42758	http://el.dbpedia.org/resource/%CE%93%CE%B9%CE%AC%CE%BD%CE%BD%CE%B7%CF%82_%CE%A0%CE%BB%CE%BF%CF%8D%CF%84%CE%B1%CF%81%CF%87%CE%BF%CF%82
42806	http://dbpedia.org/resource/Jana_(Native_American_singer)
42814	http://ko.dbpedia.org/resource/%EB%AC%B4%ED%82%A4%EB%AC%B4%ED%82%A4%EB%A7%8C%EB%A7%8C%EC%88%98
42850	http://de.dbpedia.org/resource/Emanuel_Abb%C3%BChl
43164	http://pl.dbpedia.org/resource/Bemibek
43339	http://dbpedia.org/resource/Black_Robot_(band)
43387	http://pl.dbpedia.org/resource/Ga-Ga
43529	http://ko.dbpedia.org/resource/%ED%94%BC%ED%84%B0%ED%8C%AC_%EC%BB%B4%ED%94%8C%EB%A0%89%EC%8A%A4_(%EB%B0%B4%EB%93%9C)
43563	http://es.dbpedia.org/resource/Los_Ratones_Paranoicos
43581	http://ko.dbpedia.org/resource/%EC%A1%B0%EA%B4%80%EC%9A%B0
43605	http://pl.dbpedia.org/resource/Mateusz_Pospieszalski
43657	http://el.dbpedia.org/resource/%CE%9C%CE%B1%CE%BD%CF%8E%CE%BB%CE%B7%CF%82_%CE%A6%CE%AC%CE%BC%CE%B5%CE%BB%CE%BB%CE%BF%CF%82
43731	http://pl.dbpedia.org/resource/Gardenia_(grupa_muzyczna)
43739	http://ko.dbpedia.org/resource/%EC%98%90%EB%A1%9C%EC%9A%B0_%EB%AA%AC%EC%8A%A4%ED%84%B0%EC%A6%88
43787	http://ko.dbpedia.org/resource/%EC%9B%85%EC%82%B0
43793	http://de.dbpedia.org/resource/Die_Zimmerm%C3%A4nner
43803	http://dbpedia.org/resource/Ph%C6%B0%C6%A1ng_Thanh_(singer)
43860	http://pt.dbpedia.org/resource/%C3%89rika_Martins
43901	http://dbpedia.org/resource/Crashland_(band)
44009	http://de.dbpedia.org/resource/J%C3%BCrgen_Kerth
44070	http://pl.dbpedia.org/resource/Acute_Mind
44075	http://dbpedia.org/resource/SIN_(band)
44110	http://ko.dbpedia.org/resource/%EA%B0%A4%EB%9F%AD%EC%8B%9C_%EC%9D%B5%EC%8A%A4%ED%94%84%EB%A0%88%EC%8A%A4
44250	http://el.dbpedia.org/resource/%CE%91%CE%BD%CF%84%CF%8E%CE%BD%CE%B7%CF%82_%CE%A1%CE%AD%CE%BC%CE%BF%CF%82
44343	http://ko.dbpedia.org/resource/%ED%94%BC%EA%B8%B0%EB%8F%8C%EC%8A%A4
44366	http://de.dbpedia.org/resource/Hammer_%26_Zirkel
44409	http://pl.dbpedia.org/resource/Agata_Budzy%C5%84ska
44410	http://pt.dbpedia.org/resource/Cl%C3%A1udia_Telles
44751	http://pl.dbpedia.org/resource/Anawa_(grupa_muzyczna)
44875	http://ko.dbpedia.org/resource/%EB%AA%BD%EB%8B%88
44891	http://dbpedia.org/resource/Rhydian
45094	http://dbpedia.org/resource/Craig_Richards
45244	http://ko.dbpedia.org/resource/%EB%B2%94%ED%82%A4
45315	http://ko.dbpedia.org/resource/%EA%B9%80%EC%A0%95%EB%AF%B8_(%EA%B0%80%EC%88%98)
45544	http://ko.dbpedia.org/resource/%EC%9D%B4%EC%84%BC%EC%8A%A4
45582	http://ko.dbpedia.org/resource/%EC%8B%A0%EB%AF%BC%EC%95%84
45643	http://pt.dbpedia.org/resource/Ib%C3%A9ria_(banda)
45759	http://pl.dbpedia.org/resource/Bemibem
46132	http://pl.dbpedia.org/resource/Grzegorz_Halama
46194	http://dbpedia.org/resource/Asa-Chang_%26_Junray
46291	http://dbpedia.org/resource/Jacob_Lusk
46326	http://dbpedia.org/resource/Mr._So_%26_So
46372	http://pl.dbpedia.org/resource/El%C5%BCbieta_Mielczarek
46522	http://dbpedia.org/resource/Michael_Manning_(fetish_artist)
46582	http://de.dbpedia.org/resource/Luut_%26_T%C3%BC%C3%BCtli
46648	http://ko.dbpedia.org/resource/%EC%9D%B4%EC%9E%A5%ED%98%81
46659	http://pl.dbpedia.org/resource/Dominika_Barabas
46878	http://ko.dbpedia.org/resource/%ED%94%BC%EB%85%B8%EB%8B%A4%EC%9D%B8
46897	http://de.dbpedia.org/resource/L%C3%BCgner_(Rapper)
46906	http://dbpedia.org/resource/The_Time_(band)
46995	http://dbpedia.org/resource/Cains_%26_Abels
47049	http://dbpedia.org/resource/DJ_Skeet_Skeet
47088	http://pl.dbpedia.org/resource/%C4%8CA%C4%8CI_VORBA
47369	http://el.dbpedia.org/resource/%CE%9B%CE%BF%CF%85%CE%BA%CE%B9%CE%B1%CE%BD%CF%8C%CF%82_%CE%9A%CE%B7%CE%BB%CE%B1%CE%B7%CE%B4%CF%8C%CE%BD%CE%B7%CF%82
47453	http://dbpedia.org/resource/Tonico_%26_Tinoco
47652	http://de.dbpedia.org/resource/Nica_%26_Joe
47686	http://de.dbpedia.org/resource/Aggro_Gr%C3%BCnwald
47739	http://pt.dbpedia.org/resource/Hipn%C3%B3tica
47943	http://dbpedia.org/resource/Steevi_Jaimz
48084	http://dbpedia.org/resource/Mando_Saenz
48176	http://dbpedia.org/resource/O'Hooley_%26_Tidow
48267	http://dbpedia.org/resource/Scorzayzee
48467	http://dbpedia.org/resource/Idha_(singer)
48641	http://de.dbpedia.org/resource/Werner_M%C3%BCller_(Komponist)
48706	http://pt.dbpedia.org/resource/Pep%C3%AA_e_Nen%C3%A9m
48723	http://dbpedia.org/resource/Brittany_Hargest
48980	http://dbpedia.org/resource/Sheryo
49024	http://de.dbpedia.org/resource/M%C3%BChlenhof_Musikanten
49120	http://dbpedia.org/resource/Hossein_Alizadeh
49154	http://ko.dbpedia.org/resource/%EC%84%9C%EC%9A%B8%EC%A0%84%EC%9E%90%EC%9D%8C%EC%95%85%EB%8B%A8
49199	http://pl.dbpedia.org/resource/Zofia_Kilanowicz
49434	http://dbpedia.org/resource/Silk_Road_Project#The_Silk_Road_Ensemble
49551	http://dbpedia.org/resource/Paice,_Ashton_%26_Lord
49731	http://dbpedia.org/resource/Mike_Cross
49835	http://pt.dbpedia.org/resource/Gobi_bear
50220	http://pt.dbpedia.org/resource/Cl%C3%A1udio_Zoli
50247	http://de.dbpedia.org/resource/Ram%C3%B3n_Valle
50261	http://dbpedia.org/resource/Rushden_%26_Diamonds_(music_group)
50553	http://pl.dbpedia.org/resource/Jaros%C5%82aw_Chojnacki
50732	http://dbpedia.org/resource/MacDowell_Club#MacDowell_Chorus
50982	http://pl.dbpedia.org/resource/Ero
51410	http://pl.dbpedia.org/resource/Gospel_Rain
51802	http://el.dbpedia.org/resource/%CE%9C%CE%B1%CE%BD%CF%84%CF%8E
51844	http://el.dbpedia.org/resource/%CE%9C%CE%AC%CF%83%CE%BA%CE%B5%CF%82
52089	http://es.dbpedia.org/resource/Nuevo_Catecismo_Cat%C3%B3lico
52550	http://pl.dbpedia.org/resource/Gang_Marcela
52706	http://es.dbpedia.org/resource/We%26Dem
52741	http://pl.dbpedia.org/resource/Kabaret_Dudek
52788	http://ko.dbpedia.org/resource/%EB%A6%AC%EC%98%A4_%EC%BC%80%EC%9D%B4%EC%BD%94%EC%95%84
53020	http://dbpedia.org/resource/Mark_O'Leary
53022	http://ko.dbpedia.org/resource/%EC%9C%A0%EC%B1%84%EC%98%81
53924	http://es.dbpedia.org/resource/David_Leb%C3%B3n
54312	http://de.dbpedia.org/resource/Niemand
54877	http://dbpedia.org/resource/House_band_of_Conan_O'Brien
55142	http://es.dbpedia.org/resource/N%C3%ADobeth
55302	http://de.dbpedia.org/resource/Leila_Negra
55322	http://ko.dbpedia.org/resource/%EC%86%8C%ED%9E%88
55621	http://pt.dbpedia.org/resource/Cl%C3%A1udio_Nucci
57323	http://el.dbpedia.org/resource/%CE%A7%CF%81%CF%8D%CF%83%CF%80%CE%B1
57334	http://el.dbpedia.org/resource/%CE%94%CE%B7%CE%BC%CE%AE%CF%84%CF%81%CE%B7%CF%82_%CE%9A%CE%BF%CF%81%CE%B3%CE%B9%CE%B1%CE%BB%CE%AC%CF%82
58217	http://dbpedia.org/resource/Asko_Ensemble
59008	http://pt.dbpedia.org/resource/A_Banca
59226	http://dbpedia.org/resource/Cex
59289	http://pl.dbpedia.org/resource/Born_Juices
61008	http://es.dbpedia.org/resource/Toni_Xucl%C3%A0
62974	http://pt.dbpedia.org/resource/Orquestra_Sinf%C3%B4nica_Brasileira
64254	http://de.dbpedia.org/resource/Moderntimes_Kammerorchester_f%C3%BCr_Alte_und_Neue_Musik
67651	http://el.dbpedia.org/resource/%CE%A0%CE%AD%CF%84%CF%81%CE%BF%CF%82_%CE%8A%CE%BC%CE%B2%CF%81%CE%B9%CE%BF%CF%82
70366	http://dbpedia.org/resource/Nicholas_McCarthy
80192	http://dbpedia.org/resource/Anarchicks
80660	http://dbpedia.org/resource/Commissioner_(musician)
80841	http://dbpedia.org/resource/Dirty_Loops
80897	http://dbpedia.org/resource/DRC_Music
80942	http://dbpedia.org/resource/Efecto_Pasillo
82105	http://dbpedia.org/resource/Nomos_(band)
82919	http://dbpedia.org/resource/The_Amazing
83458	http://dbpedia.org/resource/Upon_this_dawning
89320	http://dbpedia.org/resource/Ben_%26_Jason
