http://dbpedia.org/resource/Italo_disco	http://dbpedia.org/resource/Italo_dance
http://dbpedia.org/resource/Italo_disco	http://dbpedia.org/resource/Italo_house
http://dbpedia.org/resource/Italo_disco	http://dbpedia.org/resource/Freestyle_music
http://dbpedia.org/resource/Italo_disco	http://dbpedia.org/resource/Nu-disco
http://dbpedia.org/resource/Italo_disco	http://dbpedia.org/resource/Eurodance
http://dbpedia.org/resource/Italo_disco	http://dbpedia.org/resource/Eurobeat
http://dbpedia.org/resource/Italo_house	http://dbpedia.org/resource/Italo_dance
http://dbpedia.org/resource/Italo_house	http://dbpedia.org/resource/Eurodance
http://dbpedia.org/resource/Lovers_rock	http://dbpedia.org/resource/Reggae_fusion
http://dbpedia.org/resource/African_blues	http://dbpedia.org/resource/Rhythm_and_blues
http://dbpedia.org/resource/African_blues	http://dbpedia.org/resource/Rock_and_roll
http://dbpedia.org/resource/African_blues	http://dbpedia.org/resource/Swing_music
http://dbpedia.org/resource/Genge	http://dbpedia.org/resource/Kenyan_hip_hop
http://dbpedia.org/resource/Political_hip_hop	http://dbpedia.org/resource/Political_hip_hop
http://dbpedia.org/resource/Ambient_music	http://dbpedia.org/resource/Trance_music
http://dbpedia.org/resource/Ambient_music	http://dbpedia.org/resource/Intelligent_dance_music
http://dbpedia.org/resource/Ambient_music	http://dbpedia.org/resource/Chill-out_music
http://dbpedia.org/resource/Ambient_music	http://dbpedia.org/resource/Ambient_house
http://dbpedia.org/resource/Ambient_music	http://dbpedia.org/resource/Downtempo
http://dbpedia.org/resource/Art_rock	http://dbpedia.org/resource/Glam_rock
http://dbpedia.org/resource/Art_rock	http://dbpedia.org/resource/New_wave_music
http://dbpedia.org/resource/Art_rock	http://dbpedia.org/resource/Gothic_rock
http://dbpedia.org/resource/Art_rock	http://dbpedia.org/resource/Post-punk
http://dbpedia.org/resource/Bebop	http://dbpedia.org/resource/Avant-garde_jazz
http://dbpedia.org/resource/Big_band	http://dbpedia.org/resource/Jump_blues
http://dbpedia.org/resource/Breakbeat	http://dbpedia.org/resource/Drum_and_bass
http://dbpedia.org/resource/Breakbeat	http://dbpedia.org/resource/Dubstep
http://dbpedia.org/resource/Breakbeat	http://dbpedia.org/resource/4-beat
http://dbpedia.org/resource/Breakbeat	http://dbpedia.org/resource/Oldschool_jungle
http://dbpedia.org/resource/Breakbeat	http://dbpedia.org/resource/2-step_garage
http://dbpedia.org/resource/Breakbeat_hardcore	http://dbpedia.org/resource/Drum_and_bass
http://dbpedia.org/resource/Breakbeat_hardcore	http://dbpedia.org/resource/4-beat
http://dbpedia.org/resource/Breakbeat_hardcore	http://dbpedia.org/resource/Oldschool_jungle
http://dbpedia.org/resource/Breakbeat_hardcore	http://dbpedia.org/resource/Big_beat
http://dbpedia.org/resource/Breakbeat_hardcore	http://dbpedia.org/resource/Happy_hardcore
http://dbpedia.org/resource/Britpop	http://dbpedia.org/resource/Post-Britpop
http://dbpedia.org/resource/Bubblegum_pop	http://dbpedia.org/resource/Glam_rock
http://dbpedia.org/resource/Bubblegum_pop	http://dbpedia.org/resource/Boy_band
http://dbpedia.org/resource/Bubblegum_pop	http://dbpedia.org/resource/Punk_rock
http://dbpedia.org/resource/Bubblegum_pop	http://dbpedia.org/resource/Europop
http://dbpedia.org/resource/Bubblegum_pop	http://dbpedia.org/resource/Pop_punk
http://dbpedia.org/resource/Bubblegum_pop	http://dbpedia.org/resource/Bubblegum_dance
http://dbpedia.org/resource/Bubblegum_pop	http://dbpedia.org/resource/Dance-pop
http://dbpedia.org/resource/Bubblegum_pop	http://dbpedia.org/resource/Teen_pop
http://dbpedia.org/resource/Bubblegum_pop	http://dbpedia.org/resource/Noise_pop
http://dbpedia.org/resource/Free_improvisation	http://dbpedia.org/resource/Live_electronic_music
http://dbpedia.org/resource/Glam_rock	http://dbpedia.org/resource/Britpop
http://dbpedia.org/resource/Glam_rock	http://dbpedia.org/resource/New_wave_music
http://dbpedia.org/resource/Glam_rock	http://dbpedia.org/resource/Punk_rock
http://dbpedia.org/resource/Glam_rock	http://dbpedia.org/resource/Oi!
http://dbpedia.org/resource/Glam_rock	http://dbpedia.org/resource/Gothic_rock
http://dbpedia.org/resource/Glam_rock	http://dbpedia.org/resource/Synthpop
http://dbpedia.org/resource/Glam_rock	http://dbpedia.org/resource/New_Romanticism
http://dbpedia.org/resource/Grunge	http://dbpedia.org/resource/Post-grunge
http://dbpedia.org/resource/Polka	http://dbpedia.org/resource/Maxixe_(dance)
http://dbpedia.org/resource/Polka	http://dbpedia.org/resource/Turbo_Polka
http://dbpedia.org/resource/Polka	http://dbpedia.org/resource/Norte%C3%B1o_(music)
http://dbpedia.org/resource/Polka	http://dbpedia.org/resource/Turbo-folk
http://dbpedia.org/resource/Polka	http://dbpedia.org/resource/Biguine
http://dbpedia.org/resource/Progressive_rock	http://dbpedia.org/resource/Post-rock
http://dbpedia.org/resource/Progressive_rock	http://dbpedia.org/resource/Math_rock
http://dbpedia.org/resource/Progressive_rock	http://dbpedia.org/resource/New-age_music
http://dbpedia.org/resource/Progressive_rock	http://dbpedia.org/resource/Experimental_metal
http://dbpedia.org/resource/Soul_music	http://dbpedia.org/resource/Disco
http://dbpedia.org/resource/Soul_music	http://dbpedia.org/resource/Funk
http://dbpedia.org/resource/Soul_music	http://dbpedia.org/resource/Contemporary_R&B
http://dbpedia.org/resource/Sunshine_pop	http://dbpedia.org/resource/Psychedelic_pop
http://dbpedia.org/resource/Brown-eyed_soul	http://dbpedia.org/resource/Funk
http://dbpedia.org/resource/Brown-eyed_soul	http://dbpedia.org/resource/Latin_hip_hop
http://dbpedia.org/resource/Brown-eyed_soul	http://dbpedia.org/resource/Contemporary_R&B
http://dbpedia.org/resource/Bhangra_(music)	http://dbpedia.org/resource/Bhangra_(dance)
http://dbpedia.org/resource/Blues	http://dbpedia.org/resource/Bluegrass_music
http://dbpedia.org/resource/Blues	http://dbpedia.org/resource/Jazz
http://dbpedia.org/resource/Blues	http://dbpedia.org/resource/Rhythm_and_blues
http://dbpedia.org/resource/Blues	http://dbpedia.org/resource/Rock_and_roll
http://dbpedia.org/resource/Blues	http://dbpedia.org/resource/Rock_music
http://dbpedia.org/resource/Country_music	http://dbpedia.org/resource/Rock_and_roll
http://dbpedia.org/resource/Country_music	http://dbpedia.org/resource/Southern_rock
http://dbpedia.org/resource/Country_music	http://dbpedia.org/resource/Roots_rock
http://dbpedia.org/resource/Country_music	http://dbpedia.org/resource/Heartland_rock
http://dbpedia.org/resource/Country_music	http://dbpedia.org/resource/Dansband
http://dbpedia.org/resource/Disco	http://dbpedia.org/resource/Afro/Cosmic_music
http://dbpedia.org/resource/Folk_music	http://dbpedia.org/resource/Contemporary_classical_music
http://dbpedia.org/resource/Folk_music	http://dbpedia.org/resource/Popular_music
http://dbpedia.org/resource/Freestyle_music	http://dbpedia.org/resource/Florida_breaks
http://dbpedia.org/resource/Freestyle_music	http://dbpedia.org/resource/Funk_carioca
http://dbpedia.org/resource/Freestyle_music	http://dbpedia.org/resource/Melodic_funk
http://dbpedia.org/resource/Funk	http://dbpedia.org/resource/Disco
http://dbpedia.org/resource/Funk	http://dbpedia.org/resource/House_music
http://dbpedia.org/resource/Funk	http://dbpedia.org/resource/Electro_(music)
http://dbpedia.org/resource/Funk	http://dbpedia.org/resource/New_jack_swing
http://dbpedia.org/resource/Funk	http://dbpedia.org/resource/Boogie_(genre)
http://dbpedia.org/resource/Funk	http://dbpedia.org/resource/Hip_hop_music
http://dbpedia.org/resource/Funk	http://dbpedia.org/resource/Contemporary_R&B
http://dbpedia.org/resource/Funk	http://dbpedia.org/resource/Liquid_funk
http://dbpedia.org/resource/Gangsta_rap	http://dbpedia.org/resource/Gangsta_rap
http://dbpedia.org/resource/Gangsta_rap	http://dbpedia.org/resource/Dirty_rap
http://dbpedia.org/resource/Grindcore	http://dbpedia.org/resource/Mathcore
http://dbpedia.org/resource/House_music	http://dbpedia.org/resource/Trance_music
http://dbpedia.org/resource/House_music	http://dbpedia.org/resource/Techno
http://dbpedia.org/resource/House_music	http://dbpedia.org/resource/Electroclash
http://dbpedia.org/resource/House_music	http://dbpedia.org/resource/UK_garage
http://dbpedia.org/resource/House_music	http://dbpedia.org/resource/Dance-pop
http://dbpedia.org/resource/House_music	http://dbpedia.org/resource/Eurobeat
http://dbpedia.org/resource/House_music	http://dbpedia.org/resource/Early_hardcore
http://dbpedia.org/resource/House_music	http://dbpedia.org/resource/2-step_garage
http://dbpedia.org/resource/House_music	http://dbpedia.org/resource/Speed_garage
http://dbpedia.org/resource/Jazz	http://dbpedia.org/resource/Funk
http://dbpedia.org/resource/Jazz	http://dbpedia.org/resource/Reggae
http://dbpedia.org/resource/Jazz	http://dbpedia.org/resource/Rhythm_and_blues
http://dbpedia.org/resource/Jazz	http://dbpedia.org/resource/Rock_and_roll
http://dbpedia.org/resource/Jazz	http://dbpedia.org/resource/Ska
http://dbpedia.org/resource/Jazz	http://dbpedia.org/resource/Jump_blues
http://dbpedia.org/resource/New_wave_music	http://dbpedia.org/resource/Synthpop
http://dbpedia.org/resource/New_wave_music	http://dbpedia.org/resource/Alternative_rock
http://dbpedia.org/resource/New_wave_music	http://dbpedia.org/resource/Mod_revival
http://dbpedia.org/resource/New_wave_music	http://dbpedia.org/resource/Chillwave
http://dbpedia.org/resource/New_wave_music	http://dbpedia.org/resource/Neue_Deutsche_Welle
http://dbpedia.org/resource/New_wave_music	http://dbpedia.org/resource/Finnish_rock
http://dbpedia.org/resource/Psychedelic_rock	http://dbpedia.org/resource/Glam_rock
http://dbpedia.org/resource/Psychedelic_rock	http://dbpedia.org/resource/Progressive_rock
http://dbpedia.org/resource/Psychedelic_rock	http://dbpedia.org/resource/Heavy_metal_music
http://dbpedia.org/resource/Psychedelic_rock	http://dbpedia.org/resource/Jam_band
http://dbpedia.org/resource/Psychedelic_rock	http://dbpedia.org/resource/Hard_rock
http://dbpedia.org/resource/Psychedelic_rock	http://dbpedia.org/resource/Shoegazing
http://dbpedia.org/resource/Psychedelic_rock	http://dbpedia.org/resource/Krautrock
http://dbpedia.org/resource/Psychedelic_rock	http://dbpedia.org/resource/Neo-psychedelia
http://dbpedia.org/resource/Psychedelic_rock	http://dbpedia.org/resource/Stoner_rock
http://dbpedia.org/resource/Punk_rock	http://dbpedia.org/resource/Grunge
http://dbpedia.org/resource/Punk_rock	http://dbpedia.org/resource/New_wave_music
http://dbpedia.org/resource/Punk_rock	http://dbpedia.org/resource/Gothic_rock
http://dbpedia.org/resource/Punk_rock	http://dbpedia.org/resource/Alternative_rock
http://dbpedia.org/resource/Punk_rock	http://dbpedia.org/resource/Post-punk
http://dbpedia.org/resource/Ragtime	http://dbpedia.org/resource/Novelty_piano
http://dbpedia.org/resource/Ragtime	http://dbpedia.org/resource/Honky-tonk
http://dbpedia.org/resource/Ragtime	http://dbpedia.org/resource/Stride_(music)
http://dbpedia.org/resource/Reggae	http://dbpedia.org/resource/Drum_and_bass
http://dbpedia.org/resource/Reggae	http://dbpedia.org/resource/Ragga
http://dbpedia.org/resource/Reggae	http://dbpedia.org/resource/Dancehall
http://dbpedia.org/resource/Reggae	http://dbpedia.org/resource/Dub_(music)
http://dbpedia.org/resource/Reggae	http://dbpedia.org/resource/Hip_hop_music
http://dbpedia.org/resource/Rhythm_and_blues	http://dbpedia.org/resource/Soul_music
http://dbpedia.org/resource/Rhythm_and_blues	http://dbpedia.org/resource/Disco
http://dbpedia.org/resource/Rhythm_and_blues	http://dbpedia.org/resource/Funk
http://dbpedia.org/resource/Rhythm_and_blues	http://dbpedia.org/resource/Psychedelic_rock
http://dbpedia.org/resource/Rhythm_and_blues	http://dbpedia.org/resource/Reggae
http://dbpedia.org/resource/Rhythm_and_blues	http://dbpedia.org/resource/Rock_and_roll
http://dbpedia.org/resource/Rhythm_and_blues	http://dbpedia.org/resource/Ska
http://dbpedia.org/resource/Rhythm_and_blues	http://dbpedia.org/resource/Garage_rock
http://dbpedia.org/resource/Rhythm_and_blues	http://dbpedia.org/resource/Power_pop
http://dbpedia.org/resource/Rhythm_and_blues	http://dbpedia.org/resource/Pub_rock_(United_Kingdom)
http://dbpedia.org/resource/Rhythm_and_blues	http://dbpedia.org/resource/Beat_music
http://dbpedia.org/resource/Rhythm_and_blues	http://dbpedia.org/resource/Mod_revival
http://dbpedia.org/resource/Rock_and_roll	http://dbpedia.org/resource/Pop_music
http://dbpedia.org/resource/Rock_and_roll	http://dbpedia.org/resource/Rock_music
http://dbpedia.org/resource/Rock_and_roll	http://dbpedia.org/resource/Garage_rock
http://dbpedia.org/resource/Rock_and_roll	http://dbpedia.org/resource/Rockabilly
http://dbpedia.org/resource/Rock_and_roll	http://dbpedia.org/resource/Surf_music
http://dbpedia.org/resource/Rock_music	http://dbpedia.org/resource/Synthpop
http://dbpedia.org/resource/Rock_music	http://dbpedia.org/resource/New-age_music
http://dbpedia.org/resource/Ska	http://dbpedia.org/resource/Reggae
http://dbpedia.org/resource/Ska	http://dbpedia.org/resource/Rocksteady
http://dbpedia.org/resource/Speed_metal	http://dbpedia.org/resource/Black_metal
http://dbpedia.org/resource/Speed_metal	http://dbpedia.org/resource/Death_metal
http://dbpedia.org/resource/Speed_metal	http://dbpedia.org/resource/Thrash_metal
http://dbpedia.org/resource/Speed_metal	http://dbpedia.org/resource/Neoclassical_metal
http://dbpedia.org/resource/Speed_metal	http://dbpedia.org/resource/Power_metal
http://dbpedia.org/resource/Melodic_hardcore	http://dbpedia.org/resource/Youth_crew
http://dbpedia.org/resource/Melodic_hardcore	http://dbpedia.org/resource/Skate_punk
http://dbpedia.org/resource/Ragga_jungle	http://dbpedia.org/resource/Breakcore
http://dbpedia.org/resource/Scottish_Gaelic_punk	http://dbpedia.org/resource/Goidelic_languages
http://dbpedia.org/resource/Quebec_fiddle	http://dbpedia.org/resource/Bluegrass_music
http://dbpedia.org/resource/Quebec_fiddle	http://dbpedia.org/resource/Country_music
http://dbpedia.org/resource/M%C3%A9ringue	http://dbpedia.org/resource/Compas_music
http://dbpedia.org/resource/M%C3%A9ringue	http://dbpedia.org/resource/Cadence_rampa
http://dbpedia.org/resource/M%C3%A9ringue	http://dbpedia.org/resource/Zouk
http://dbpedia.org/resource/M%C3%A9ringue	http://dbpedia.org/resource/Twoubadou
http://dbpedia.org/resource/M%C3%A9ringue	http://dbpedia.org/resource/Zouk-love
http://dbpedia.org/resource/M%C3%A9ringue	http://dbpedia.org/resource/Mini-jazz
http://dbpedia.org/resource/Smooth_soul	http://dbpedia.org/resource/Quiet_storm
http://dbpedia.org/resource/Smooth_soul	http://dbpedia.org/resource/Contemporary_R&B
http://dbpedia.org/resource/Tech_trance	http://dbpedia.org/resource/Hard_trance
http://dbpedia.org/resource/Tech_trance	http://dbpedia.org/resource/UK_hard_house
http://dbpedia.org/resource/Tech_trance	http://dbpedia.org/resource/Tech_house
http://dbpedia.org/resource/British_rock_and_roll	http://dbpedia.org/resource/British_popular_music
http://dbpedia.org/resource/Country_rock	http://dbpedia.org/resource/Roots_rock
http://dbpedia.org/resource/Doo-wop	http://dbpedia.org/resource/Soul_music
http://dbpedia.org/resource/Doo-wop	http://dbpedia.org/resource/Beat_music
http://dbpedia.org/resource/Doo-wop	http://dbpedia.org/resource/Beach_music
http://dbpedia.org/resource/Free_jazz	http://dbpedia.org/resource/Loft_jazz
http://dbpedia.org/resource/Free_jazz	http://dbpedia.org/resource/Experimental_rock
http://dbpedia.org/resource/Hardcore_punk	http://dbpedia.org/resource/Grunge
http://dbpedia.org/resource/Hardcore_punk	http://dbpedia.org/resource/Nu_metal
http://dbpedia.org/resource/Hardcore_punk	http://dbpedia.org/resource/Post-hardcore
http://dbpedia.org/resource/Industrial_music	http://dbpedia.org/resource/Martial_industrial
http://dbpedia.org/resource/Industrial_music	http://dbpedia.org/resource/Intelligent_dance_music
http://dbpedia.org/resource/Industrial_music	http://dbpedia.org/resource/Electro-industrial
http://dbpedia.org/resource/Industrial_music	http://dbpedia.org/resource/Industrial_rock
http://dbpedia.org/resource/Industrial_music	http://dbpedia.org/resource/Electronic_body_music
http://dbpedia.org/resource/Industrial_music	http://dbpedia.org/resource/Neue_Slowenische_Kunst
http://dbpedia.org/resource/Industrial_music	http://dbpedia.org/resource/Witch_house_(music_genre)
http://dbpedia.org/resource/Industrial_music	http://dbpedia.org/resource/Neue_Deutsche_H%C3%A4rte
http://dbpedia.org/resource/Industrial_music	http://dbpedia.org/resource/Industrial_metal
http://dbpedia.org/resource/Industrial_music	http://dbpedia.org/resource/Drone_metal
http://dbpedia.org/resource/Industrial_music	http://dbpedia.org/resource/Industrial_dance
http://dbpedia.org/resource/Industrial_music	http://dbpedia.org/resource/Dark_ambient
http://dbpedia.org/resource/Thrash_metal	http://dbpedia.org/resource/Black_metal
http://dbpedia.org/resource/Thrash_metal	http://dbpedia.org/resource/Death_metal
http://dbpedia.org/resource/Thrash_metal	http://dbpedia.org/resource/Groove_metal
http://dbpedia.org/resource/Thrash_metal	http://dbpedia.org/resource/Industrial_metal
http://dbpedia.org/resource/Acid_house	http://dbpedia.org/resource/Trance_music
http://dbpedia.org/resource/Acid_house	http://dbpedia.org/resource/Acid_techno
http://dbpedia.org/resource/Acid_house	http://dbpedia.org/resource/Acid_trance
http://dbpedia.org/resource/Acid_house	http://dbpedia.org/resource/Electro_house
http://dbpedia.org/resource/Acid_house	http://dbpedia.org/resource/Techno
http://dbpedia.org/resource/Acid_house	http://dbpedia.org/resource/Psychedelic_trance
http://dbpedia.org/resource/Acid_house	http://dbpedia.org/resource/Goa_trance
http://dbpedia.org/resource/Acid_house	http://dbpedia.org/resource/Rave_music
http://dbpedia.org/resource/Acid_house	http://dbpedia.org/resource/New_Beat
http://dbpedia.org/resource/Acid_rock	http://dbpedia.org/resource/Heavy_metal_music
http://dbpedia.org/resource/Acid_rock	http://dbpedia.org/resource/Space_rock
http://dbpedia.org/resource/Acid_rock	http://dbpedia.org/resource/Neo-psychedelia
http://dbpedia.org/resource/Acid_rock	http://dbpedia.org/resource/Stoner_rock
http://dbpedia.org/resource/Acid_trance	http://dbpedia.org/resource/Psychedelic_trance
http://dbpedia.org/resource/Compas_music	http://dbpedia.org/resource/Soca_music
http://dbpedia.org/resource/Compas_music	http://dbpedia.org/resource/Cadence-lypso
http://dbpedia.org/resource/Compas_music	http://dbpedia.org/resource/Cadence_rampa
http://dbpedia.org/resource/Compas_music	http://dbpedia.org/resource/Coladeira
http://dbpedia.org/resource/Compas_music	http://dbpedia.org/resource/Kuduro
http://dbpedia.org/resource/Compas_music	http://dbpedia.org/resource/Zouk
http://dbpedia.org/resource/Compas_music	http://dbpedia.org/resource/Kizomba
http://dbpedia.org/resource/Electro-industrial	http://dbpedia.org/resource/Electro-industrial
http://dbpedia.org/resource/Electro_(music)	http://dbpedia.org/resource/Breakbeat
http://dbpedia.org/resource/Electro_(music)	http://dbpedia.org/resource/Freestyle_music
http://dbpedia.org/resource/Electro_(music)	http://dbpedia.org/resource/House_music
http://dbpedia.org/resource/Electro_(music)	http://dbpedia.org/resource/Techno
http://dbpedia.org/resource/Electro_(music)	http://dbpedia.org/resource/Miami_bass
http://dbpedia.org/resource/Electro_(music)	http://dbpedia.org/resource/Funk_carioca
http://dbpedia.org/resource/Electro_(music)	http://dbpedia.org/resource/Eurodance
http://dbpedia.org/resource/Electro_house	http://dbpedia.org/resource/Moombahton
http://dbpedia.org/resource/Groove_metal	http://dbpedia.org/resource/Nu_metal
http://dbpedia.org/resource/Oi!	http://dbpedia.org/resource/Street_punk
http://dbpedia.org/resource/Techno	http://dbpedia.org/resource/Alternative_dance
http://dbpedia.org/resource/Thrashcore	http://dbpedia.org/resource/Grindcore
http://dbpedia.org/resource/Thrashcore	http://dbpedia.org/resource/Crossover_thrash
http://dbpedia.org/resource/Thrashcore	http://dbpedia.org/resource/Powerviolence
http://dbpedia.org/resource/Blues_rock	http://dbpedia.org/resource/Heavy_metal_music
http://dbpedia.org/resource/Blues_rock	http://dbpedia.org/resource/Psychedelic_rock
http://dbpedia.org/resource/Blues_rock	http://dbpedia.org/resource/Hard_rock
http://dbpedia.org/resource/Blues_rock	http://dbpedia.org/resource/Garage_rock
http://dbpedia.org/resource/Blues_rock	http://dbpedia.org/resource/Southern_rock
http://dbpedia.org/resource/Blues_rock	http://dbpedia.org/resource/Boogie_rock
http://dbpedia.org/resource/Blues_rock	http://dbpedia.org/resource/Stoner_rock
http://dbpedia.org/resource/Extreme_metal	http://dbpedia.org/resource/Groove_metal
http://dbpedia.org/resource/Extreme_metal	http://dbpedia.org/resource/Gothic_metal
http://dbpedia.org/resource/Youth_crew	http://dbpedia.org/resource/Metalcore
http://dbpedia.org/resource/Youth_crew	http://dbpedia.org/resource/Positive_hardcore
http://dbpedia.org/resource/D-beat	http://dbpedia.org/resource/Thrashcore
http://dbpedia.org/resource/D-beat	http://dbpedia.org/resource/Crust_punk
http://dbpedia.org/resource/Darkstep	http://dbpedia.org/resource/Progressive_house
http://dbpedia.org/resource/Darkstep	http://dbpedia.org/resource/Techstep
http://dbpedia.org/resource/Darkstep	http://dbpedia.org/resource/Rivethead
http://dbpedia.org/resource/Texas_blues	http://dbpedia.org/resource/Rock_and_roll
http://dbpedia.org/resource/Texas_blues	http://dbpedia.org/resource/Electric_blues
http://dbpedia.org/resource/Hard_trance	http://dbpedia.org/resource/Hardstyle
http://dbpedia.org/resource/Hard_trance	http://dbpedia.org/resource/Psychedelic_trance
http://dbpedia.org/resource/Hard_trance	http://dbpedia.org/resource/UK_hard_house
http://dbpedia.org/resource/Hard_trance	http://dbpedia.org/resource/UK_hardcore
http://dbpedia.org/resource/Kaiso	http://dbpedia.org/resource/Soca_music
http://dbpedia.org/resource/Kaiso	http://dbpedia.org/resource/Calypso_music
http://dbpedia.org/resource/Kaiso	http://dbpedia.org/resource/Brukdown
http://dbpedia.org/resource/Kaiso	http://dbpedia.org/resource/Palm-wine_music
http://dbpedia.org/resource/Progressive_country	http://dbpedia.org/resource/Alternative_country
http://dbpedia.org/resource/Progressive_country	http://dbpedia.org/resource/Outlaw_country
http://dbpedia.org/resource/Latin_pop	http://dbpedia.org/resource/Tropipop
http://dbpedia.org/resource/Ambient_industrial	http://dbpedia.org/resource/Dark_ambient
http://dbpedia.org/resource/Dance-rock	http://dbpedia.org/resource/Alternative_dance
http://dbpedia.org/resource/Dance-rock	http://dbpedia.org/resource/Minneapolis_sound
http://dbpedia.org/resource/Dance-rock	http://dbpedia.org/resource/Electronic_rock
http://dbpedia.org/resource/Reggae_en_Espa%C3%B1ol	http://dbpedia.org/resource/Reggaeton
http://dbpedia.org/resource/New_Orleans_soul	http://dbpedia.org/resource/Funk
http://dbpedia.org/resource/Rock_music_of_West_Bengal	http://dbpedia.org/resource/Rock_music
http://dbpedia.org/resource/Rock_music_of_West_Bengal	http://dbpedia.org/resource/Bengali_language
http://dbpedia.org/resource/Deathrock	http://dbpedia.org/resource/Dark_cabaret
http://dbpedia.org/resource/Gothic_rock	http://dbpedia.org/resource/Ethereal_wave
http://dbpedia.org/resource/Hard_rock	http://dbpedia.org/resource/Glam_rock
http://dbpedia.org/resource/Hard_rock	http://dbpedia.org/resource/Grunge
http://dbpedia.org/resource/Hard_rock	http://dbpedia.org/resource/Heavy_metal_music
http://dbpedia.org/resource/Hard_rock	http://dbpedia.org/resource/Punk_rock
http://dbpedia.org/resource/Hard_rock	http://dbpedia.org/resource/Glam_metal
http://dbpedia.org/resource/Hard_rock	http://dbpedia.org/resource/Power_pop
http://dbpedia.org/resource/Hard_rock	http://dbpedia.org/resource/Boogie_rock
http://dbpedia.org/resource/Industrial_rock	http://dbpedia.org/resource/Industrial_metal
http://dbpedia.org/resource/Industrial_rock	http://dbpedia.org/resource/Digital_hardcore
http://dbpedia.org/resource/Industrial_rock	http://dbpedia.org/resource/Grebo_(music)
http://dbpedia.org/resource/Skiffle	http://dbpedia.org/resource/Beat_music
http://dbpedia.org/resource/Synthpop	http://dbpedia.org/resource/House_music
http://dbpedia.org/resource/Synthpop	http://dbpedia.org/resource/Trance_music
http://dbpedia.org/resource/Synthpop	http://dbpedia.org/resource/Chiptune
http://dbpedia.org/resource/Synthpop	http://dbpedia.org/resource/Electronica
http://dbpedia.org/resource/Synthpop	http://dbpedia.org/resource/Electro_(music)
http://dbpedia.org/resource/Synthpop	http://dbpedia.org/resource/Alternative_dance
http://dbpedia.org/resource/Synthpop	http://dbpedia.org/resource/Indietronica
http://dbpedia.org/resource/Synthpop	http://dbpedia.org/resource/Digital_hardcore
http://dbpedia.org/resource/Synthpop	http://dbpedia.org/resource/Dance-pop
http://dbpedia.org/resource/Boogie-woogie	http://dbpedia.org/resource/Rock_and_roll
http://dbpedia.org/resource/Boogie-woogie	http://dbpedia.org/resource/Boogie_rock
http://dbpedia.org/resource/Calypso_music	http://dbpedia.org/resource/Soca_music
http://dbpedia.org/resource/Contemporary_Christian_music	http://dbpedia.org/resource/Contemporary_worship_music
http://dbpedia.org/resource/Country_blues	http://dbpedia.org/resource/Chicago_blues
http://dbpedia.org/resource/Country_blues	http://dbpedia.org/resource/Detroit_blues
http://dbpedia.org/resource/Country_blues	http://dbpedia.org/resource/Electric_blues
http://dbpedia.org/resource/Country_blues	http://dbpedia.org/resource/Memphis_blues
http://dbpedia.org/resource/Country_blues	http://dbpedia.org/resource/Swamp_blues
http://dbpedia.org/resource/Country_blues	http://dbpedia.org/resource/Hill_country_blues
http://dbpedia.org/resource/Country_blues	http://dbpedia.org/resource/New_Orleans_blues
http://dbpedia.org/resource/Delta_blues	http://dbpedia.org/resource/Chicago_blues
http://dbpedia.org/resource/Delta_blues	http://dbpedia.org/resource/Detroit_blues
http://dbpedia.org/resource/Delta_blues	http://dbpedia.org/resource/Electric_blues
http://dbpedia.org/resource/Detroit_techno	http://dbpedia.org/resource/Techno
http://dbpedia.org/resource/Doom_metal	http://dbpedia.org/resource/Sludge_metal
http://dbpedia.org/resource/Doom_metal	http://dbpedia.org/resource/Gothic_metal
http://dbpedia.org/resource/Doom_metal	http://dbpedia.org/resource/Stoner_rock
http://dbpedia.org/resource/Dream_pop	http://dbpedia.org/resource/Ambient_music
http://dbpedia.org/resource/Dream_pop	http://dbpedia.org/resource/Shoegazing
http://dbpedia.org/resource/Electric_blues	http://dbpedia.org/resource/Soul_music
http://dbpedia.org/resource/Electric_blues	http://dbpedia.org/resource/Heavy_metal_music
http://dbpedia.org/resource/Electric_blues	http://dbpedia.org/resource/Blues_rock
http://dbpedia.org/resource/Electric_blues	http://dbpedia.org/resource/Texas_blues
http://dbpedia.org/resource/Electric_blues	http://dbpedia.org/resource/Hard_rock
http://dbpedia.org/resource/Electric_blues	http://dbpedia.org/resource/British_blues
http://dbpedia.org/resource/Electroclash	http://dbpedia.org/resource/Electro_house
http://dbpedia.org/resource/Electroclash	http://dbpedia.org/resource/Tech_house
http://dbpedia.org/resource/Electronic_body_music	http://dbpedia.org/resource/Electro-industrial
http://dbpedia.org/resource/Electronic_body_music	http://dbpedia.org/resource/Techno
http://dbpedia.org/resource/Electronic_body_music	http://dbpedia.org/resource/Goa_trance
http://dbpedia.org/resource/Electronic_body_music	http://dbpedia.org/resource/Futurepop
http://dbpedia.org/resource/Electronic_body_music	http://dbpedia.org/resource/New_Beat
http://dbpedia.org/resource/Fado	http://dbpedia.org/resource/Coimbra_Fado
http://dbpedia.org/resource/Folk_rock	http://dbpedia.org/resource/Jangle_pop
http://dbpedia.org/resource/Funk_metal	http://dbpedia.org/resource/Nu_metal
http://dbpedia.org/resource/Garage_rock	http://dbpedia.org/resource/Glam_rock
http://dbpedia.org/resource/Garage_rock	http://dbpedia.org/resource/Heavy_metal_music
http://dbpedia.org/resource/Garage_rock	http://dbpedia.org/resource/Psychedelic_rock
http://dbpedia.org/resource/Garage_rock	http://dbpedia.org/resource/Punk_rock
http://dbpedia.org/resource/Garage_rock	http://dbpedia.org/resource/Hard_rock
http://dbpedia.org/resource/Garage_rock	http://dbpedia.org/resource/Indie_rock
http://dbpedia.org/resource/Garage_rock	http://dbpedia.org/resource/Garage_rock
http://dbpedia.org/resource/Garage_rock	http://dbpedia.org/resource/Power_pop
http://dbpedia.org/resource/Garage_rock	http://dbpedia.org/resource/Psychobilly
http://dbpedia.org/resource/Garage_rock	http://dbpedia.org/resource/Protopunk
http://dbpedia.org/resource/Garage_rock	http://dbpedia.org/resource/Paisley_Underground
http://dbpedia.org/resource/Garage_rock	http://dbpedia.org/resource/Punk_blues
http://dbpedia.org/resource/Garage_rock	http://dbpedia.org/resource/Garage_punk
http://dbpedia.org/resource/Gospel_music	http://dbpedia.org/resource/Soul_music
http://dbpedia.org/resource/Gospel_music	http://dbpedia.org/resource/Country_music
http://dbpedia.org/resource/Gospel_music	http://dbpedia.org/resource/Rhythm_and_blues
http://dbpedia.org/resource/Gospel_music	http://dbpedia.org/resource/Rock_and_roll
http://dbpedia.org/resource/Memphis_blues	http://dbpedia.org/resource/Heavy_metal_music
http://dbpedia.org/resource/Memphis_blues	http://dbpedia.org/resource/Blues_rock
http://dbpedia.org/resource/Memphis_blues	http://dbpedia.org/resource/Electric_blues
http://dbpedia.org/resource/Nashville_sound	http://dbpedia.org/resource/Nashville_sound
http://dbpedia.org/resource/Nashville_sound	http://dbpedia.org/resource/Country_pop
http://dbpedia.org/resource/New_Orleans_rhythm_and_blues	http://dbpedia.org/resource/Reggae
http://dbpedia.org/resource/New_Orleans_rhythm_and_blues	http://dbpedia.org/resource/Ska
http://dbpedia.org/resource/New_Orleans_rhythm_and_blues	http://dbpedia.org/resource/Roots_rock
http://dbpedia.org/resource/New_Orleans_rhythm_and_blues	http://dbpedia.org/resource/Swamp_pop
http://dbpedia.org/resource/Piano_blues	http://dbpedia.org/resource/Rhythm_and_blues
http://dbpedia.org/resource/Piano_blues	http://dbpedia.org/resource/Rock_and_roll
http://dbpedia.org/resource/Piano_blues	http://dbpedia.org/resource/Swing_music
http://dbpedia.org/resource/Power_pop	http://dbpedia.org/resource/Britpop
http://dbpedia.org/resource/Power_pop	http://dbpedia.org/resource/Indie_pop
http://dbpedia.org/resource/Power_pop	http://dbpedia.org/resource/Pop_punk
http://dbpedia.org/resource/Power_pop	http://dbpedia.org/resource/Noise_pop
http://dbpedia.org/resource/Pub_rock_(United_Kingdom)	http://dbpedia.org/resource/Britpop
http://dbpedia.org/resource/Pub_rock_(United_Kingdom)	http://dbpedia.org/resource/New_wave_music
http://dbpedia.org/resource/Pub_rock_(United_Kingdom)	http://dbpedia.org/resource/Punk_rock
http://dbpedia.org/resource/Pub_rock_(United_Kingdom)	http://dbpedia.org/resource/Oi!
http://dbpedia.org/resource/Pub_rock_(United_Kingdom)	http://dbpedia.org/resource/Mod_revival
http://dbpedia.org/resource/Rockabilly	http://dbpedia.org/resource/Punk_rock
http://dbpedia.org/resource/Rockabilly	http://dbpedia.org/resource/Rock_and_roll
http://dbpedia.org/resource/Rockabilly	http://dbpedia.org/resource/Psychobilly
http://dbpedia.org/resource/Rockabilly	http://dbpedia.org/resource/Gothabilly
http://dbpedia.org/resource/Roots_reggae	http://dbpedia.org/resource/Dub_(music)
http://dbpedia.org/resource/Rumba	http://dbpedia.org/resource/Columbia_(music)
http://dbpedia.org/resource/Shoegazing	http://dbpedia.org/resource/Nu_gaze
http://dbpedia.org/resource/Southern_hip_hop	http://dbpedia.org/resource/Trap_(music_genre)
http://dbpedia.org/resource/Southern_hip_hop	http://dbpedia.org/resource/Crunk
http://dbpedia.org/resource/Southern_hip_hop	http://dbpedia.org/resource/Bounce_music
http://dbpedia.org/resource/Surf_music	http://dbpedia.org/resource/Heavy_metal_music
http://dbpedia.org/resource/Surf_music	http://dbpedia.org/resource/Punk_rock
http://dbpedia.org/resource/Surf_music	http://dbpedia.org/resource/Garage_rock
http://dbpedia.org/resource/Surf_music	http://dbpedia.org/resource/Pop_punk
http://dbpedia.org/resource/Surf_music	http://dbpedia.org/resource/Protopunk
http://dbpedia.org/resource/Surf_music	http://dbpedia.org/resource/Thai_pop_music
http://dbpedia.org/resource/Surf_music	http://dbpedia.org/resource/Garage_punk
http://dbpedia.org/resource/Surf_music	http://dbpedia.org/resource/Rautalanka
http://dbpedia.org/resource/Swamp_blues	http://dbpedia.org/resource/Swamp_pop
http://dbpedia.org/resource/Alternative_hip_hop	http://dbpedia.org/resource/Trip_hop
http://dbpedia.org/resource/Alternative_hip_hop	http://dbpedia.org/resource/Underground_hip_hop
http://dbpedia.org/resource/Alternative_hip_hop	http://dbpedia.org/resource/Neo_soul
http://dbpedia.org/resource/Alternative_hip_hop	http://dbpedia.org/resource/Industrial_hip_hop
http://dbpedia.org/resource/Alternative_hip_hop	http://dbpedia.org/resource/Experimental_hip_hop
http://dbpedia.org/resource/Beat_music	http://dbpedia.org/resource/Britpop
http://dbpedia.org/resource/Beat_music	http://dbpedia.org/resource/Psychedelic_rock
http://dbpedia.org/resource/Beat_music	http://dbpedia.org/resource/Garage_rock
http://dbpedia.org/resource/Beat_music	http://dbpedia.org/resource/Power_pop
http://dbpedia.org/resource/Beat_music	http://dbpedia.org/resource/Pop_punk
http://dbpedia.org/resource/Beat_music	http://dbpedia.org/resource/Group_Sounds
http://dbpedia.org/resource/Beat_music	http://dbpedia.org/resource/Wong_shadow
http://dbpedia.org/resource/Beat_music	http://dbpedia.org/resource/Y%C3%A9-y%C3%A9
http://dbpedia.org/resource/Beat_music	http://dbpedia.org/resource/Thai_pop_music
http://dbpedia.org/resource/Cadence-lypso	http://dbpedia.org/resource/Soca_music
http://dbpedia.org/resource/Cadence-lypso	http://dbpedia.org/resource/Bouyon_music
http://dbpedia.org/resource/Cadence-lypso	http://dbpedia.org/resource/Zouk
http://dbpedia.org/resource/Cadence_rampa	http://dbpedia.org/resource/Soca_music
http://dbpedia.org/resource/Cadence_rampa	http://dbpedia.org/resource/Cadence-lypso
http://dbpedia.org/resource/Cadence_rampa	http://dbpedia.org/resource/Coladeira
http://dbpedia.org/resource/Cadence_rampa	http://dbpedia.org/resource/Kuduro
http://dbpedia.org/resource/Cadence_rampa	http://dbpedia.org/resource/Zouk
http://dbpedia.org/resource/Cadence_rampa	http://dbpedia.org/resource/Kizomba
http://dbpedia.org/resource/Dubstep	http://dbpedia.org/resource/Dubstep
http://dbpedia.org/resource/Dubstep	http://dbpedia.org/resource/Trap_(music_genre)
http://dbpedia.org/resource/Dubstep	http://dbpedia.org/resource/Future_garage
http://dbpedia.org/resource/Manila_Sound	http://dbpedia.org/resource/Pinoy_hip_hop
http://dbpedia.org/resource/Manila_Sound	http://dbpedia.org/resource/Pinoy_rock
http://dbpedia.org/resource/Mod_revival	http://dbpedia.org/resource/Britpop
http://dbpedia.org/resource/Mod_revival	http://dbpedia.org/resource/Indie_rock
http://dbpedia.org/resource/Tango	http://dbpedia.org/resource/Maxixe_(dance)
http://dbpedia.org/resource/Western_music_(North_America)	http://dbpedia.org/resource/Western_swing
http://dbpedia.org/resource/4-beat	http://dbpedia.org/resource/Happy_hardcore
http://dbpedia.org/resource/4-beat	http://dbpedia.org/resource/UK_hardcore
http://dbpedia.org/resource/College_rock	http://dbpedia.org/resource/Grunge
http://dbpedia.org/resource/College_rock	http://dbpedia.org/resource/Indie_rock
http://dbpedia.org/resource/College_rock	http://dbpedia.org/resource/Alternative_dance
http://dbpedia.org/resource/College_rock	http://dbpedia.org/resource/Indie_pop
http://dbpedia.org/resource/Jangle_pop	http://dbpedia.org/resource/Indie_pop
http://dbpedia.org/resource/Desi_Hip_Hop	http://dbpedia.org/resource/Burban
http://dbpedia.org/resource/Kenyan_hip_hop	http://dbpedia.org/resource/Southern_hip_hop
http://dbpedia.org/resource/Balkan_pop	http://dbpedia.org/resource/Popular_music
http://dbpedia.org/resource/Free_funk	http://dbpedia.org/resource/M-Base
http://dbpedia.org/resource/2_Tone	http://dbpedia.org/resource/Ska
http://dbpedia.org/resource/2_Tone	http://dbpedia.org/resource/Ska_punk
http://dbpedia.org/resource/Cakewalk	http://dbpedia.org/resource/Ragtime
http://dbpedia.org/resource/Chicago_house	http://dbpedia.org/resource/Acid_house
http://dbpedia.org/resource/Chicago_house	http://dbpedia.org/resource/Techno
http://dbpedia.org/resource/Chicago_house	http://dbpedia.org/resource/Detroit_techno
http://dbpedia.org/resource/Chicago_house	http://dbpedia.org/resource/Rave_music
http://dbpedia.org/resource/Chicago_house	http://dbpedia.org/resource/Deep_house
http://dbpedia.org/resource/Cowpunk	http://dbpedia.org/resource/Alternative_country
http://dbpedia.org/resource/Dancehall	http://dbpedia.org/resource/Hip_hop_music
http://dbpedia.org/resource/Dancehall	http://dbpedia.org/resource/Reggaeton
http://dbpedia.org/resource/Dancehall	http://dbpedia.org/resource/Grime_(music)
http://dbpedia.org/resource/Dub_(music)	http://dbpedia.org/resource/Ambient_music
http://dbpedia.org/resource/Dub_(music)	http://dbpedia.org/resource/Drum_and_bass
http://dbpedia.org/resource/Dub_(music)	http://dbpedia.org/resource/House_music
http://dbpedia.org/resource/Dub_(music)	http://dbpedia.org/resource/Trip_hop
http://dbpedia.org/resource/Dub_(music)	http://dbpedia.org/resource/Dancehall
http://dbpedia.org/resource/Dub_(music)	http://dbpedia.org/resource/Big_beat
http://dbpedia.org/resource/Dub_(music)	http://dbpedia.org/resource/Post-punk
http://dbpedia.org/resource/Dub_(music)	http://dbpedia.org/resource/Hip_hop_music
http://dbpedia.org/resource/Dub_(music)	http://dbpedia.org/resource/Post-disco
http://dbpedia.org/resource/Goa_trance	http://dbpedia.org/resource/Psychedelic_trance
http://dbpedia.org/resource/Hardcore_hip_hop	http://dbpedia.org/resource/Gangsta_rap
http://dbpedia.org/resource/Hardcore_hip_hop	http://dbpedia.org/resource/Trap_(music_genre)
http://dbpedia.org/resource/Hardcore_hip_hop	http://dbpedia.org/resource/Horrorcore
http://dbpedia.org/resource/Hip_house	http://dbpedia.org/resource/UK_garage
http://dbpedia.org/resource/Hip_house	http://dbpedia.org/resource/Eurodance
http://dbpedia.org/resource/Jazz_fusion	http://dbpedia.org/resource/Progressive_rock
http://dbpedia.org/resource/Jazz_fusion	http://dbpedia.org/resource/Acid_jazz
http://dbpedia.org/resource/Jazz_fusion	http://dbpedia.org/resource/Krautrock
http://dbpedia.org/resource/Jazz_fusion	http://dbpedia.org/resource/Smooth_jazz
http://dbpedia.org/resource/Jazz_rap	http://dbpedia.org/resource/Trip_hop
http://dbpedia.org/resource/Jazz_rap	http://dbpedia.org/resource/Nu_jazz
http://dbpedia.org/resource/Miami_bass	http://dbpedia.org/resource/Freestyle_music
http://dbpedia.org/resource/Miami_bass	http://dbpedia.org/resource/Funk_carioca
http://dbpedia.org/resource/New_Wave_of_British_Heavy_Metal	http://dbpedia.org/resource/Black_metal
http://dbpedia.org/resource/New_Wave_of_British_Heavy_Metal	http://dbpedia.org/resource/Speed_metal
http://dbpedia.org/resource/New_Wave_of_British_Heavy_Metal	http://dbpedia.org/resource/Thrash_metal
http://dbpedia.org/resource/New_Wave_of_British_Heavy_Metal	http://dbpedia.org/resource/Power_metal
http://dbpedia.org/resource/Oldschool_jungle	http://dbpedia.org/resource/Drum_and_bass
http://dbpedia.org/resource/Psychobilly	http://dbpedia.org/resource/Gothabilly
http://dbpedia.org/resource/Rocksteady	http://dbpedia.org/resource/Reggae
http://dbpedia.org/resource/Spiritual_(music)	http://dbpedia.org/resource/Blues
http://dbpedia.org/resource/Spiritual_(music)	http://dbpedia.org/resource/Gospel_music
http://dbpedia.org/resource/Hi-NRG	http://dbpedia.org/resource/House_music
http://dbpedia.org/resource/Hi-NRG	http://dbpedia.org/resource/Techno
http://dbpedia.org/resource/Hi-NRG	http://dbpedia.org/resource/Downtempo
http://dbpedia.org/resource/Hi-NRG	http://dbpedia.org/resource/Eurodance
http://dbpedia.org/resource/Northern_soul	http://dbpedia.org/resource/Rave
http://dbpedia.org/resource/Northern_soul	http://dbpedia.org/resource/Modern_soul
http://dbpedia.org/resource/Northern_soul	http://dbpedia.org/resource/Mod_revival
http://dbpedia.org/resource/Northern_soul	http://dbpedia.org/resource/Madchester
http://dbpedia.org/resource/Noise_rock	http://dbpedia.org/resource/Grindcore
http://dbpedia.org/resource/Noise_rock	http://dbpedia.org/resource/Sludge_metal
http://dbpedia.org/resource/Noise_rock	http://dbpedia.org/resource/Industrial_rock
http://dbpedia.org/resource/Noise_rock	http://dbpedia.org/resource/Shoegazing
http://dbpedia.org/resource/Noise_rock	http://dbpedia.org/resource/Math_rock
http://dbpedia.org/resource/Noise_rock	http://dbpedia.org/resource/Powerviolence
http://dbpedia.org/resource/Noise_rock	http://dbpedia.org/resource/Crust_punk
http://dbpedia.org/resource/Old-time_music	http://dbpedia.org/resource/Bluegrass_music
http://dbpedia.org/resource/Old-time_music	http://dbpedia.org/resource/Country_music
http://dbpedia.org/resource/Dream_trance	http://dbpedia.org/resource/Progressive_house
http://dbpedia.org/resource/Afro/Cosmic_music	http://dbpedia.org/resource/Space_disco
http://dbpedia.org/resource/Afro/Cosmic_music	http://dbpedia.org/resource/Sue%C3%B1o_Latino
http://dbpedia.org/resource/Memphis_soul	http://dbpedia.org/resource/Disco
http://dbpedia.org/resource/Ambient_house	http://dbpedia.org/resource/Trance_music
http://dbpedia.org/resource/Ambient_house	http://dbpedia.org/resource/Intelligent_dance_music
http://dbpedia.org/resource/Industrial_metal	http://dbpedia.org/resource/Nu_metal
http://dbpedia.org/resource/Industrial_metal	http://dbpedia.org/resource/Neue_Deutsche_H%C3%A4rte
http://dbpedia.org/resource/New_wave_of_new_wave	http://dbpedia.org/resource/Post-punk_revival
http://dbpedia.org/resource/Protopunk	http://dbpedia.org/resource/Punk_rock
http://dbpedia.org/resource/Protopunk	http://dbpedia.org/resource/Post-punk
http://dbpedia.org/resource/Western_swing	http://dbpedia.org/resource/Rock_and_roll
http://dbpedia.org/resource/Western_swing	http://dbpedia.org/resource/Rockabilly
http://dbpedia.org/resource/Berlin_School_of_electronic_music	http://dbpedia.org/resource/Ambient_music
http://dbpedia.org/resource/Berlin_School_of_electronic_music	http://dbpedia.org/resource/Trance_music
http://dbpedia.org/resource/Berlin_School_of_electronic_music	http://dbpedia.org/resource/Electronica
http://dbpedia.org/resource/Berlin_School_of_electronic_music	http://dbpedia.org/resource/New-age_music
http://dbpedia.org/resource/Parlour_music	http://dbpedia.org/resource/Popular_music
http://dbpedia.org/resource/Hip_hop_soul	http://dbpedia.org/resource/Neo_soul
http://dbpedia.org/resource/Christian_punk	http://dbpedia.org/resource/Christian_alternative_rock
http://dbpedia.org/resource/Moombahton	http://dbpedia.org/resource/Moombahcore
http://dbpedia.org/resource/Avant-garde_progressive_rock	http://dbpedia.org/resource/Zeuhl
http://dbpedia.org/resource/Avant-garde_progressive_rock	http://dbpedia.org/resource/Rock_in_Opposition
http://dbpedia.org/resource/Soldier's_Joy_(fiddle_tune)	http://dbpedia.org/resource/Bluegrass_music
http://dbpedia.org/resource/Soldier's_Joy_(fiddle_tune)	http://dbpedia.org/resource/Country_music
http://dbpedia.org/resource/Soldier's_Joy_(fiddle_tune)	http://dbpedia.org/resource/Cajun_fiddle
http://dbpedia.org/resource/Blues_fiddle	http://dbpedia.org/resource/Bluegrass_music
http://dbpedia.org/resource/Blues_fiddle	http://dbpedia.org/resource/Jazz
http://dbpedia.org/resource/Blues_fiddle	http://dbpedia.org/resource/Rhythm_and_blues
http://dbpedia.org/resource/Blues_fiddle	http://dbpedia.org/resource/Rock_and_roll
http://dbpedia.org/resource/Blues_fiddle	http://dbpedia.org/resource/Rock_music
http://dbpedia.org/resource/Group_Sounds	http://dbpedia.org/resource/J-pop
http://dbpedia.org/resource/Post-punk	http://dbpedia.org/resource/Post-rock
http://dbpedia.org/resource/Post-punk	http://dbpedia.org/resource/New_wave_music
http://dbpedia.org/resource/Post-punk	http://dbpedia.org/resource/Industrial_music
http://dbpedia.org/resource/Post-punk	http://dbpedia.org/resource/Post-punk_revival
http://dbpedia.org/resource/Post-punk	http://dbpedia.org/resource/Gothic_rock
http://dbpedia.org/resource/Post-punk	http://dbpedia.org/resource/Synthpop
http://dbpedia.org/resource/Post-punk	http://dbpedia.org/resource/Alternative_rock
http://dbpedia.org/resource/Post-punk	http://dbpedia.org/resource/Shoegazing
http://dbpedia.org/resource/Post-punk	http://dbpedia.org/resource/Post-hardcore
http://dbpedia.org/resource/Post-punk	http://dbpedia.org/resource/Dark_wave
http://dbpedia.org/resource/Post-punk	http://dbpedia.org/resource/Art_punk
http://dbpedia.org/resource/Post-punk	http://dbpedia.org/resource/Dance-punk
http://dbpedia.org/resource/Post-punk	http://dbpedia.org/resource/Coldwave
http://dbpedia.org/resource/Nueva_ola	http://dbpedia.org/resource/Latin_pop
http://dbpedia.org/resource/Nueva_ola	http://dbpedia.org/resource/Rockmantic_ballad
http://dbpedia.org/resource/Nueva_ola	http://dbpedia.org/resource/Rock_en_Espa%C3%B1ol
http://dbpedia.org/resource/Starogradska_muzika	http://dbpedia.org/resource/Folk_music
http://dbpedia.org/resource/Old_time_fiddle	http://dbpedia.org/resource/Bluegrass_music
http://dbpedia.org/resource/Old_time_fiddle	http://dbpedia.org/resource/Country_music
http://dbpedia.org/resource/Old_time_fiddle	http://dbpedia.org/resource/Cajun_fiddle
http://dbpedia.org/resource/Psychedelic_pop	http://dbpedia.org/resource/Bubblegum_pop
http://dbpedia.org/resource/Psychedelic_pop	http://dbpedia.org/resource/Dream_pop
http://dbpedia.org/resource/Psychedelic_pop	http://dbpedia.org/resource/Neo-psychedelia
http://dbpedia.org/resource/Psychedelic_pop	http://dbpedia.org/resource/Wonky_pop
http://dbpedia.org/resource/Acid_jazz	http://dbpedia.org/resource/Nu_jazz
http://dbpedia.org/resource/Avant-garde_jazz	http://dbpedia.org/resource/Math_rock
http://dbpedia.org/resource/Avant-garde_jazz	http://dbpedia.org/resource/Noise_rock
http://dbpedia.org/resource/Canterbury_scene	http://dbpedia.org/resource/Progressive_rock
http://dbpedia.org/resource/Happy_hardcore	http://dbpedia.org/resource/4-beat
http://dbpedia.org/resource/Krautrock	http://dbpedia.org/resource/Ambient_music
http://dbpedia.org/resource/Krautrock	http://dbpedia.org/resource/Post-rock
http://dbpedia.org/resource/Krautrock	http://dbpedia.org/resource/Industrial_music
http://dbpedia.org/resource/Krautrock	http://dbpedia.org/resource/Synthpop
http://dbpedia.org/resource/Krautrock	http://dbpedia.org/resource/Electronic_dance_music
http://dbpedia.org/resource/Krautrock	http://dbpedia.org/resource/Post-punk
http://dbpedia.org/resource/Krautrock	http://dbpedia.org/resource/Neue_Deutsche_Welle
http://dbpedia.org/resource/Krautrock	http://dbpedia.org/resource/New-age_music
http://dbpedia.org/resource/Slowcore	http://dbpedia.org/resource/Sadcore
http://dbpedia.org/resource/Deep_house	http://dbpedia.org/resource/Tech_house
http://dbpedia.org/resource/Deep_house	http://dbpedia.org/resource/Tribal_house
http://dbpedia.org/resource/Downtempo	http://dbpedia.org/resource/Trip_hop
http://dbpedia.org/resource/Neue_Deutsche_Welle	http://dbpedia.org/resource/Neue_Deutsche_H%C3%A4rte
http://dbpedia.org/resource/Baroque_pop	http://dbpedia.org/resource/Art_rock
http://dbpedia.org/resource/Baroque_pop	http://dbpedia.org/resource/Sunshine_pop
http://dbpedia.org/resource/Baroque_pop	http://dbpedia.org/resource/Psychedelic_pop
http://dbpedia.org/resource/Boogie_(genre)	http://dbpedia.org/resource/Funktronica
http://dbpedia.org/resource/Hip_hop_music	http://dbpedia.org/resource/Breakbeat
http://dbpedia.org/resource/Hip_hop_music	http://dbpedia.org/resource/Breakbeat_hardcore
http://dbpedia.org/resource/Hip_hop_music	http://dbpedia.org/resource/Drum_and_bass
http://dbpedia.org/resource/Hip_hop_music	http://dbpedia.org/resource/Trip_hop
http://dbpedia.org/resource/Hip_hop_music	http://dbpedia.org/resource/Electro_(music)
http://dbpedia.org/resource/Hip_hop_music	http://dbpedia.org/resource/Neo_soul
http://dbpedia.org/resource/Hip_hop_music	http://dbpedia.org/resource/Oldschool_jungle
http://dbpedia.org/resource/Hip_hop_music	http://dbpedia.org/resource/Big_beat
http://dbpedia.org/resource/Hip_hop_music	http://dbpedia.org/resource/Grime_(music)
http://dbpedia.org/resource/Psychedelic_soul	http://dbpedia.org/resource/Disco
http://dbpedia.org/resource/Psychedelic_soul	http://dbpedia.org/resource/Funk
http://dbpedia.org/resource/Psychedelic_soul	http://dbpedia.org/resource/Dub_(music)
http://dbpedia.org/resource/Wong_shadow	http://dbpedia.org/resource/Psychedelic_rock
http://dbpedia.org/resource/Euro_disco	http://dbpedia.org/resource/Europop
http://dbpedia.org/resource/Euro_disco	http://dbpedia.org/resource/Eurodance
http://dbpedia.org/resource/Industrial_hip_hop	http://dbpedia.org/resource/Illbient
http://dbpedia.org/resource/Industrial_hip_hop	http://dbpedia.org/resource/Witch_house_(music_genre)
http://dbpedia.org/resource/Industrial_hip_hop	http://dbpedia.org/resource/Early_hardcore
http://dbpedia.org/resource/Afro-soul	http://dbpedia.org/resource/African_popular_music
http://dbpedia.org/resource/Boomba_music	http://dbpedia.org/resource/Kenyan_hip_hop
http://dbpedia.org/resource/Mento	http://dbpedia.org/resource/Ska
http://dbpedia.org/resource/Outlaw_country	http://dbpedia.org/resource/Alternative_country
http://dbpedia.org/resource/Outlaw_country	http://dbpedia.org/resource/Texas_country_music
http://dbpedia.org/resource/Philadelphia_soul	http://dbpedia.org/resource/Disco
http://dbpedia.org/resource/Techstep	http://dbpedia.org/resource/Drum_and_bass
http://dbpedia.org/resource/Techstep	http://dbpedia.org/resource/Breakcore
http://dbpedia.org/resource/Techstep	http://dbpedia.org/resource/Neurofunk
http://dbpedia.org/resource/Gothic_metal	http://dbpedia.org/resource/Dark_metal
http://dbpedia.org/resource/Brazilian_rock	http://dbpedia.org/resource/Tropic%C3%A1lia
http://dbpedia.org/resource/Palm-wine_music	http://dbpedia.org/resource/Highlife
http://dbpedia.org/resource/Pinoy_rock	http://dbpedia.org/resource/Pinoy_reggae
http://dbpedia.org/resource/Ry%C5%ABk%C5%8Dka	http://dbpedia.org/resource/Enka
http://dbpedia.org/resource/Narcocorrido	http://dbpedia.org/resource/Corridos_Alterados
http://dbpedia.org/resource/Narcocorrido	http://dbpedia.org/resource/Corridos_Progresivos
http://dbpedia.org/resource/Psychedelic_folk	http://dbpedia.org/resource/New_Weird_America
http://dbpedia.org/resource/Psychedelic_folk	http://dbpedia.org/resource/Electroacoustic_music
http://dbpedia.org/resource/Psychedelic_folk	http://dbpedia.org/resource/Freak_folk
http://dbpedia.org/resource/Psychedelic_folk	http://dbpedia.org/resource/Electric_folk
http://dbpedia.org/resource/Psychedelic_folk	http://dbpedia.org/resource/Neofolk
http://dbpedia.org/resource/Dance-punk	http://dbpedia.org/resource/Wonky_pop
http://dbpedia.org/resource/Baggy	http://dbpedia.org/resource/Britpop
http://dbpedia.org/resource/Post-industrial_music	http://dbpedia.org/resource/Intelligent_dance_music
http://dbpedia.org/resource/Post-industrial_music	http://dbpedia.org/resource/Electro-industrial
http://dbpedia.org/resource/Post-industrial_music	http://dbpedia.org/resource/Electronic_body_music
http://dbpedia.org/resource/Post-industrial_music	http://dbpedia.org/resource/Glitch_(music)
http://dbpedia.org/resource/Post-industrial_music	http://dbpedia.org/resource/Industrial_dance
http://dbpedia.org/resource/Post-industrial_music	http://dbpedia.org/resource/Dark_ambient
http://dbpedia.org/resource/Y%C3%A9-y%C3%A9	http://dbpedia.org/resource/Shibuya-kei
http://dbpedia.org/resource/Y%C3%A9-y%C3%A9	http://dbpedia.org/resource/Indie_pop
http://dbpedia.org/resource/Country_pop	http://dbpedia.org/resource/Adult_contemporary_music
http://dbpedia.org/resource/Folk_jazz	http://dbpedia.org/resource/New-age_music
http://dbpedia.org/resource/Medieval_folk_rock	http://dbpedia.org/resource/Neo-Medieval_music
http://dbpedia.org/resource/School_of_Synthesis	http://dbpedia.org/resource/Ambient_music
http://dbpedia.org/resource/School_of_Synthesis	http://dbpedia.org/resource/Drum_and_bass
http://dbpedia.org/resource/School_of_Synthesis	http://dbpedia.org/resource/Trance_music
http://dbpedia.org/resource/School_of_Synthesis	http://dbpedia.org/resource/Electronica
http://dbpedia.org/resource/School_of_Synthesis	http://dbpedia.org/resource/Techno
http://dbpedia.org/resource/School_of_Synthesis	http://dbpedia.org/resource/Dubstep
http://dbpedia.org/resource/School_of_Synthesis	http://dbpedia.org/resource/New-age_music
http://dbpedia.org/resource/Baltimore_club	http://dbpedia.org/resource/Brick_City_club
http://dbpedia.org/resource/Drone_music	http://dbpedia.org/resource/Ambient_music
http://dbpedia.org/resource/Drone_music	http://dbpedia.org/resource/Industrial_music
http://dbpedia.org/resource/Lounge_music	http://dbpedia.org/resource/Elevator_music
http://dbpedia.org/resource/Lounge_music	http://dbpedia.org/resource/Shibuya-kei
http://dbpedia.org/resource/Lounge_music	http://dbpedia.org/resource/Easy_listening
http://dbpedia.org/resource/Melodic_death_metal	http://dbpedia.org/resource/Melodic_metalcore
http://dbpedia.org/resource/Minimal_music	http://dbpedia.org/resource/Totalism
http://dbpedia.org/resource/Minimal_music	http://dbpedia.org/resource/Postminimalism
http://dbpedia.org/resource/New-age_music	http://dbpedia.org/resource/Post-rock
http://dbpedia.org/resource/Smooth_jazz	http://dbpedia.org/resource/Sophisti-pop
http://dbpedia.org/resource/Smooth_jazz	http://dbpedia.org/resource/Vaporwave
http://dbpedia.org/resource/Kansas_City_jazz	http://dbpedia.org/resource/Bebop
http://dbpedia.org/resource/Space_disco	http://dbpedia.org/resource/Hi-NRG
http://dbpedia.org/resource/Space_disco	http://dbpedia.org/resource/Eurodance
http://dbpedia.org/resource/Space_disco	http://dbpedia.org/resource/British_rock
http://dbpedia.org/resource/Traditional_black_gospel	http://dbpedia.org/resource/Rhythm_and_blues
http://dbpedia.org/resource/Synthpunk	http://dbpedia.org/resource/Electronic_body_music
http://dbpedia.org/resource/Raga_rock	http://dbpedia.org/resource/Indian_rock
http://dbpedia.org/resource/Raga_rock	http://dbpedia.org/resource/Psychedelic_rock
http://dbpedia.org/resource/Raga_rock	http://dbpedia.org/resource/Acid_rock
http://dbpedia.org/resource/Raga_rock	http://dbpedia.org/resource/Psychedelic_pop
http://dbpedia.org/resource/Girl_group	http://dbpedia.org/resource/Bubblegum_pop
http://dbpedia.org/resource/Girl_group	http://dbpedia.org/resource/Boy_band
http://dbpedia.org/resource/Girl_group	http://dbpedia.org/resource/Indie_pop
http://dbpedia.org/resource/Girl_group	http://dbpedia.org/resource/Y%C3%A9-y%C3%A9
http://dbpedia.org/resource/Girl_group	http://dbpedia.org/resource/Riot_grrrl
http://dbpedia.org/resource/Diva_house	http://dbpedia.org/resource/Deep_house
http://dbpedia.org/resource/Diva_house	http://dbpedia.org/resource/Hardbag
http://dbpedia.org/resource/Texas_country_music	http://dbpedia.org/resource/Progressive_country
http://dbpedia.org/resource/Texas_country_music	http://dbpedia.org/resource/Red_Dirt_(music)
http://dbpedia.org/resource/Texas_country_music	http://dbpedia.org/resource/Neotraditional_country
http://dbpedia.org/resource/Folkhop	http://dbpedia.org/resource/Urbanasian
http://dbpedia.org/resource/Crust_punk	http://dbpedia.org/resource/Grindcore
http://dbpedia.org/resource/Garage_music_(North_America)	http://dbpedia.org/resource/UK_garage
http://dbpedia.org/resource/Garage_music_(North_America)	http://dbpedia.org/resource/Speed_garage
http://dbpedia.org/resource/Chopped_and_screwed	http://dbpedia.org/resource/Witch_house_(music_genre)
http://dbpedia.org/resource/Eurodance	http://dbpedia.org/resource/Italo_dance
http://dbpedia.org/resource/Eurodance	http://dbpedia.org/resource/Trance_music
http://dbpedia.org/resource/Eurodance	http://dbpedia.org/resource/French_house
http://dbpedia.org/resource/Eurodance	http://dbpedia.org/resource/Psychedelic_trance
http://dbpedia.org/resource/Eurodance	http://dbpedia.org/resource/Bubblegum_dance
http://dbpedia.org/resource/Eurodance	http://dbpedia.org/resource/Happy_hardcore
http://dbpedia.org/resource/Eurodance	http://dbpedia.org/resource/UK_hardcore
http://dbpedia.org/resource/Mashup_(music)	http://dbpedia.org/resource/Remix
http://dbpedia.org/resource/Mashup_(music)	http://dbpedia.org/resource/Sampling_(music)
http://dbpedia.org/resource/Mashup_(music)	http://dbpedia.org/resource/Sound_collage
http://dbpedia.org/resource/Neofolk	http://dbpedia.org/resource/Martial_industrial
http://dbpedia.org/resource/Tech_noire	http://dbpedia.org/resource/Techno
http://dbpedia.org/resource/Tech_noire	http://dbpedia.org/resource/Synthpop
http://dbpedia.org/resource/Tech_noire	http://dbpedia.org/resource/Schranz
http://dbpedia.org/resource/Teen_pop	http://dbpedia.org/resource/Europop
http://dbpedia.org/resource/Kroncong	http://dbpedia.org/resource/Langgam_jawa
http://dbpedia.org/resource/Progressive_folk_music	http://dbpedia.org/resource/Progressive_country
http://dbpedia.org/resource/Progressive_folk_music	http://dbpedia.org/resource/Folk_baroque
http://dbpedia.org/resource/Progressive_folk_music	http://dbpedia.org/resource/Country_folk
http://dbpedia.org/resource/Minneapolis_sound	http://dbpedia.org/resource/Dance-pop
http://dbpedia.org/resource/Pop_rock	http://dbpedia.org/resource/Arena_rock
http://dbpedia.org/resource/British_hip_hop	http://dbpedia.org/resource/Trip_hop
http://dbpedia.org/resource/Grime_(music)	http://dbpedia.org/resource/Drum_and_bass
http://dbpedia.org/resource/Grime_(music)	http://dbpedia.org/resource/Dubstep
http://dbpedia.org/resource/Power_noise	http://dbpedia.org/resource/Hardcore_(electronic_dance_music_genre)
http://dbpedia.org/resource/Power_noise	http://dbpedia.org/resource/Power_noise
http://dbpedia.org/resource/Power_noise	http://dbpedia.org/resource/Terrorcore
http://dbpedia.org/resource/Kundiman	http://dbpedia.org/resource/Manila_Sound
http://dbpedia.org/resource/Darkcore	http://dbpedia.org/resource/Drum_and_bass
http://dbpedia.org/resource/Darkcore	http://dbpedia.org/resource/Darkstep
http://dbpedia.org/resource/Zouglou	http://dbpedia.org/resource/Coup%C3%A9-D%C3%A9cal%C3%A9
http://dbpedia.org/resource/Experimental_hip_hop	http://dbpedia.org/resource/Trip_hop
http://dbpedia.org/resource/Experimental_hip_hop	http://dbpedia.org/resource/Hipster_hop
http://dbpedia.org/resource/Experimental_hip_hop	http://dbpedia.org/resource/Nerdcore
http://dbpedia.org/resource/Experimental_hip_hop	http://dbpedia.org/resource/Underground_hip_hop
http://dbpedia.org/resource/Experimental_hip_hop	http://dbpedia.org/resource/Industrial_hip_hop
http://dbpedia.org/resource/Minimal_wave	http://dbpedia.org/resource/Synthpunk
http://dbpedia.org/resource/Sesube	http://dbpedia.org/resource/Afro-fusion
http://dbpedia.org/resource/Reggae_rock	http://dbpedia.org/resource/2_Tone
http://dbpedia.org/resource/Reggae_rock	http://dbpedia.org/resource/Ska_punk
http://dbpedia.org/resource/Garage_punk	http://dbpedia.org/resource/Grunge
http://dbpedia.org/resource/Garage_punk	http://dbpedia.org/resource/Alternative_rock
http://dbpedia.org/resource/Garage_punk	http://dbpedia.org/resource/Garage_rock
http://dbpedia.org/resource/Death-doom	http://dbpedia.org/resource/Doom_metal
http://dbpedia.org/resource/Death-doom	http://dbpedia.org/resource/Gothic_metal
http://dbpedia.org/resource/Dark_ambient	http://dbpedia.org/resource/Post-rock
http://dbpedia.org/resource/Eurobeat	http://dbpedia.org/resource/Italo_dance
http://dbpedia.org/resource/Eurobeat	http://dbpedia.org/resource/J-pop
http://dbpedia.org/resource/Eurobeat	http://dbpedia.org/resource/Eurodance
http://dbpedia.org/resource/Luk_thung	http://dbpedia.org/resource/Phleng_phuea_chiwit
http://dbpedia.org/resource/New_Orleans_blues	http://dbpedia.org/resource/Soul_music
http://dbpedia.org/resource/New_Orleans_blues	http://dbpedia.org/resource/Rock_and_roll
http://dbpedia.org/resource/New_Orleans_blues	http://dbpedia.org/resource/Rock_music
http://dbpedia.org/resource/Early_hardcore	http://dbpedia.org/resource/Mainstream_hardcore
http://dbpedia.org/resource/Parang	http://dbpedia.org/resource/Soca_music
http://dbpedia.org/resource/Funk_rock	http://dbpedia.org/resource/Post-punk
http://dbpedia.org/resource/Scottish_hip-hop	http://dbpedia.org/resource/Trip_hop
http://dbpedia.org/resource/Japanoise	http://dbpedia.org/resource/Noise_music
http://dbpedia.org/resource/2-step_garage	http://dbpedia.org/resource/Breakstep
http://dbpedia.org/resource/2-step_garage	http://dbpedia.org/resource/Grime_(music)
http://dbpedia.org/resource/Bouncy_techno	http://dbpedia.org/resource/UK_hardcore
http://dbpedia.org/resource/Noise_pop	http://dbpedia.org/resource/Shoegazing
http://dbpedia.org/resource/Speed_garage	http://dbpedia.org/resource/Bassline_(music_genre)
http://dbpedia.org/resource/Speed_garage	http://dbpedia.org/resource/Bouncy_techno
http://dbpedia.org/resource/Folk_punk	http://dbpedia.org/resource/Celtic_punk
http://dbpedia.org/resource/Folk_punk	http://dbpedia.org/resource/Indie_folk
http://dbpedia.org/resource/Folk_punk	http://dbpedia.org/resource/Gypsy_punk
http://dbpedia.org/resource/Folk_punk	http://dbpedia.org/resource/Anti-folk
http://dbpedia.org/resource/Experimental_rock	http://dbpedia.org/resource/Art_rock
http://dbpedia.org/resource/Experimental_rock	http://dbpedia.org/resource/Post-rock
http://dbpedia.org/resource/Experimental_rock	http://dbpedia.org/resource/Progressive_rock
http://dbpedia.org/resource/Experimental_rock	http://dbpedia.org/resource/No_wave
http://dbpedia.org/resource/Experimental_rock	http://dbpedia.org/resource/Math_rock
http://dbpedia.org/resource/Experimental_rock	http://dbpedia.org/resource/Noise_rock
http://dbpedia.org/resource/Experimental_rock	http://dbpedia.org/resource/Art_punk
http://dbpedia.org/resource/Philippine_folk_music	http://dbpedia.org/resource/Manila_Sound
http://dbpedia.org/resource/Post-disco	http://dbpedia.org/resource/Italo_disco
http://dbpedia.org/resource/Post-disco	http://dbpedia.org/resource/Freestyle_music
http://dbpedia.org/resource/Post-disco	http://dbpedia.org/resource/Dance-rock
http://dbpedia.org/resource/Post-disco	http://dbpedia.org/resource/Dance-punk
http://dbpedia.org/resource/Post-disco	http://dbpedia.org/resource/Dance-pop
http://dbpedia.org/resource/LGBT_music	http://dbpedia.org/resource/LGBT_hip_hop
http://dbpedia.org/resource/New_Beat	http://dbpedia.org/resource/Rave_music
http://dbpedia.org/resource/Yew_Piney_Mountain__Old-time_music__1	http://dbpedia.org/resource/Bluegrass_music
http://dbpedia.org/resource/Yew_Piney_Mountain__Old-time_music__1	http://dbpedia.org/resource/Country_music
http://dbpedia.org/resource/Yew_Piney_Mountain__Old-time_music__1	http://dbpedia.org/resource/Cajun_fiddle