1	http://dbpedia.org/resource/2-step_garage
2	http://dbpedia.org/resource/2_Tone
3	http://dbpedia.org/resource/20th-century_classical_music
4	http://dbpedia.org/resource/21st-century_classical_music
5	http://dbpedia.org/resource/8-bit
6	http://dbpedia.org/resource/A_cappella
7	http://dbpedia.org/resource/Aboriginal_music_of_Canada
8	http://dbpedia.org/resource/Absolute_music
9	http://dbpedia.org/resource/Absurdism
10	http://dbpedia.org/resource/Acid_house
11	http://dbpedia.org/resource/Acid_jazz
12	http://dbpedia.org/resource/Acid_rock
13	http://dbpedia.org/resource/Acid_techno
14	http://dbpedia.org/resource/Acid_trance
15	http://dbpedia.org/resource/Acousmatic_music
16	http://dbpedia.org/resource/Acoustic_guitar
17	http://dbpedia.org/resource/Acoustic_music
18	http://dbpedia.org/resource/Acoustic_Punk
19	http://dbpedia.org/resource/Actor
20	http://dbpedia.org/resource/Adult_album_alternative
21	http://dbpedia.org/resource/Adult_animation
22	http://dbpedia.org/resource/Adult_Contemporary_(chart)
23	http://dbpedia.org/resource/Adult_contemporary_music
24	http://dbpedia.org/resource/Advertising
25	http://dbpedia.org/resource/African_blues
26	http://dbpedia.org/resource/African_folk
27	http://dbpedia.org/resource/African_hip_hop
28	http://dbpedia.org/resource/African_popular_music
29	http://dbpedia.org/resource/Afrikaans
30	http://dbpedia.org/resource/Afro-Brazilian
31	http://dbpedia.org/resource/Afro-Cuban
32	http://dbpedia.org/resource/Afro-Cuban_jazz
33	http://dbpedia.org/resource/Afro-soul
34	http://dbpedia.org/resource/Afro/Cosmic_music
35	http://dbpedia.org/resource/Afrobeat
36	http://dbpedia.org/resource/Agogo
37	http://dbpedia.org/resource/Ainu_music
38	http://dbpedia.org/resource/Alaturka
39	http://dbpedia.org/resource/Album-oriented_rock
40	http://dbpedia.org/resource/Aleatoric_music
41	http://dbpedia.org/resource/Alt-folk
42	http://dbpedia.org/resource/Alt-pop
43	http://dbpedia.org/resource/Alt.folk
44	http://dbpedia.org/resource/Alternative
45	http://dbpedia.org/resource/Alternative_Art_Rock
46	http://dbpedia.org/resource/Alternative_comedy
47	http://dbpedia.org/resource/Alternative_country
48	http://dbpedia.org/resource/Alternative_dance
49	http://dbpedia.org/resource/Alternative_hip_hop
50	http://dbpedia.org/resource/Alternative_metal
51	http://dbpedia.org/resource/Alternative_rock
52	http://dbpedia.org/resource/Ambient
53	http://dbpedia.org/resource/Ambient_house
54	http://dbpedia.org/resource/Ambient_industrial
55	http://dbpedia.org/resource/Ambient_music
56	http://dbpedia.org/resource/American_folk_music
57	http://dbpedia.org/resource/American_folk_music_revival
58	http://dbpedia.org/resource/American_poetry
59	http://dbpedia.org/resource/American_Pop
60	http://dbpedia.org/resource/American_Primitivism
61	http://dbpedia.org/resource/American_rock
62	http://dbpedia.org/resource/Americana
63	http://dbpedia.org/resource/Americana_(music)
64	http://dbpedia.org/resource/Americana_rock
65	http://dbpedia.org/resource/Anarcho-folk
66	http://dbpedia.org/resource/Anarcho-punk
67	http://dbpedia.org/resource/Anasheed
68	http://dbpedia.org/resource/Anatolian_rock
69	http://dbpedia.org/resource/Andean_music
70	http://dbpedia.org/resource/Angstpop
71	http://dbpedia.org/resource/Animated_sitcom
72	http://dbpedia.org/resource/Animation
73	http://dbpedia.org/resource/Anime
74	http://dbpedia.org/resource/Anthem
75	http://dbpedia.org/resource/Anti-folk
76	http://dbpedia.org/resource/Aphex_Twin
77	http://dbpedia.org/resource/Arabesque_(Turkish_music)
78	http://dbpedia.org/resource/Arabesque_pop
79	http://dbpedia.org/resource/Arabic_Jazz
80	http://dbpedia.org/resource/Arabic_language
81	http://dbpedia.org/resource/Arabic_music
82	http://dbpedia.org/resource/Arabic_pop_music
83	http://dbpedia.org/resource/Arena_rock
84	http://dbpedia.org/resource/Art_music
85	http://dbpedia.org/resource/Art_punk
86	http://dbpedia.org/resource/Art_rock
87	http://dbpedia.org/resource/Art_song
88	http://dbpedia.org/resource/Asian_Underground
89	http://dbpedia.org/resource/Atonality
90	http://dbpedia.org/resource/Australian_hip_hop
91	http://dbpedia.org/resource/Australian_rock
92	http://dbpedia.org/resource/Austrian_Hip-Hop
93	http://dbpedia.org/resource/Autobiographical_novel
94	http://dbpedia.org/resource/Avant-garde
95	http://dbpedia.org/resource/Avant-garde_jazz
96	http://dbpedia.org/resource/Avant-garde_music
97	http://dbpedia.org/resource/Avant-garde_progressive_rock
98	http://dbpedia.org/resource/Avant-Pop
99	http://dbpedia.org/resource/Avanzada_Regia
100	http://dbpedia.org/resource/Ax%C3%A9_(music)
101	http://dbpedia.org/resource/Ba-gasy
102	http://dbpedia.org/resource/Bachata_(music)
103	http://dbpedia.org/resource/Baggy
104	http://dbpedia.org/resource/Bai%C3%A3o_(music)
105	http://dbpedia.org/resource/Baka_music
106	http://dbpedia.org/resource/Bakersfield_sound
107	http://dbpedia.org/resource/Balada_(genre)
108	http://dbpedia.org/resource/Balearic_beat
109	http://dbpedia.org/resource/Balearic_trance
110	http://dbpedia.org/resource/Balkan_pop
111	http://dbpedia.org/resource/Ballad
112	http://dbpedia.org/resource/Ballata
113	http://dbpedia.org/resource/Ballroom
114	http://dbpedia.org/resource/Baltimore_club
115	http://dbpedia.org/resource/Bambuco
116	http://dbpedia.org/resource/Band_Singer
117	http://dbpedia.org/resource/Banda_(music)
118	http://dbpedia.org/resource/Bandana_thrash
119	http://dbpedia.org/resource/Bandleader
120	http://dbpedia.org/resource/Barbershop_music
121	http://dbpedia.org/resource/Bard_(Soviet_Union)
122	http://dbpedia.org/resource/Baroque_music
123	http://dbpedia.org/resource/Baroque_pop
124	http://dbpedia.org/resource/Bass_music
125	http://dbpedia.org/resource/Bassline
126	http://dbpedia.org/resource/Bassline_(music_genre)
127	http://dbpedia.org/resource/Battle_rap
128	http://dbpedia.org/resource/Bazombo
129	http://dbpedia.org/resource/Beach_music
130	http://dbpedia.org/resource/Beat
131	http://dbpedia.org/resource/Beat_Generation
132	http://dbpedia.org/resource/Beat_music
133	http://dbpedia.org/resource/Beatboxing
134	http://dbpedia.org/resource/Bebop
135	http://dbpedia.org/resource/Belly_dance
136	http://dbpedia.org/resource/Bengali_Mix
137	http://dbpedia.org/resource/Berber_music
138	http://dbpedia.org/resource/Berlin_School_of_electronic_music
139	http://dbpedia.org/resource/Bhajan
140	http://dbpedia.org/resource/Bhangra_(music)
141	http://dbpedia.org/resource/Bhangragga
142	http://dbpedia.org/resource/Big_band
143	http://dbpedia.org/resource/Big_beat
144	http://dbpedia.org/resource/Big_Room
145	http://dbpedia.org/resource/Binaural_beats
146	http://dbpedia.org/resource/Bitpop
147	http://dbpedia.org/resource/Black_comedy
148	http://dbpedia.org/resource/Black_metal
149	http://dbpedia.org/resource/Blip_hop
150	http://dbpedia.org/resource/Blue-eyed_soul
151	http://dbpedia.org/resource/Blue_Beat_Records
152	http://dbpedia.org/resource/Bluegrass_music
153	http://dbpedia.org/resource/Blues
154	http://dbpedia.org/resource/Blues_&_Roots
155	http://dbpedia.org/resource/Blues_rock
156	http://dbpedia.org/resource/Bolero
157	http://dbpedia.org/resource/Bolero,_Psychedelic
158	http://dbpedia.org/resource/Bollywood
159	http://dbpedia.org/resource/Boogaloo
160	http://dbpedia.org/resource/Boogie
161	http://dbpedia.org/resource/Boogie-woogie
162	http://dbpedia.org/resource/Boogie_(genre)
163	http://dbpedia.org/resource/Boogie_rock
164	http://dbpedia.org/resource/Booty_bass
165	http://dbpedia.org/resource/Booty_breaks
166	http://dbpedia.org/resource/Bosnian_and_Herzegovinan_hip_hop
167	http://dbpedia.org/resource/Bossa_nova
168	http://dbpedia.org/resource/Bossanova
169	http://dbpedia.org/resource/Bounce_music
170	http://dbpedia.org/resource/Bouncy_techno
171	http://dbpedia.org/resource/Boy_band
172	http://dbpedia.org/resource/Brass_band
173	http://dbpedia.org/resource/Brazil
174	http://dbpedia.org/resource/Brazilian_jazz
175	http://dbpedia.org/resource/Brazilian_rock
176	http://dbpedia.org/resource/Breakbeat
177	http://dbpedia.org/resource/Breakbeat_hardcore
178	http://dbpedia.org/resource/Breakcore
179	http://dbpedia.org/resource/Breaks
180	http://dbpedia.org/resource/Breakstep
181	http://dbpedia.org/resource/Brega
182	http://dbpedia.org/resource/Brega_(music)
183	http://dbpedia.org/resource/Bricolage
184	http://dbpedia.org/resource/British_blues
185	http://dbpedia.org/resource/British_dance_band
186	http://dbpedia.org/resource/British_hip_hop
187	http://dbpedia.org/resource/British_Invasion
188	http://dbpedia.org/resource/British_rhythm_and_blues
189	http://dbpedia.org/resource/British_rock
190	http://dbpedia.org/resource/British_rock_and_roll
191	http://dbpedia.org/resource/British_soul
192	http://dbpedia.org/resource/Britpop
193	http://dbpedia.org/resource/Broadway_theatre
194	http://dbpedia.org/resource/Broken_beat
195	http://dbpedia.org/resource/Brown-eyed_soul
196	http://dbpedia.org/resource/Brutal_Prog
197	http://dbpedia.org/resource/Bubblegum_dance
198	http://dbpedia.org/resource/Bubblegum_pop
199	http://dbpedia.org/resource/Buddhist_music
200	http://dbpedia.org/resource/Bullerengue
201	http://dbpedia.org/resource/Burmese_heavy_metal
202	http://dbpedia.org/resource/Butcher_rock
203	http://dbpedia.org/resource/C-pop
204	http://dbpedia.org/resource/C86_(album)
205	http://dbpedia.org/resource/Cabaret
206	http://dbpedia.org/resource/Cabaret_blues
207	http://dbpedia.org/resource/Cadence-lypso
208	http://dbpedia.org/resource/Cadence_rampa
209	http://dbpedia.org/resource/Cajun
210	http://dbpedia.org/resource/Cajun_music
211	http://dbpedia.org/resource/California_Pop
212	http://dbpedia.org/resource/California_Soul
213	http://dbpedia.org/resource/Calypso_music
214	http://dbpedia.org/resource/Canadian_hip_hop
215	http://dbpedia.org/resource/Canadiana
216	http://dbpedia.org/resource/Candombe
217	http://dbpedia.org/resource/Cante_flamenco
218	http://dbpedia.org/resource/Canterbury_scene
219	http://dbpedia.org/resource/Cantopop
220	http://dbpedia.org/resource/Canzone_Napoletana
221	http://dbpedia.org/resource/Cape_Breton_fiddling
222	http://dbpedia.org/resource/Caribbean
223	http://dbpedia.org/resource/Carimbo
224	http://dbpedia.org/resource/Carnatic_music
225	http://dbpedia.org/resource/Cartoon
226	http://dbpedia.org/resource/Catalan_rumba
227	http://dbpedia.org/resource/Category:Eastern_European_music
228	http://dbpedia.org/resource/Cello_rock
229	http://dbpedia.org/resource/Celtic_fusion
230	http://dbpedia.org/resource/Celtic_metal
231	http://dbpedia.org/resource/Celtic_music
232	http://dbpedia.org/resource/Celtic_music_in_Canada
233	http://dbpedia.org/resource/Celtic_punk
234	http://dbpedia.org/resource/Celtic_rock
235	http://dbpedia.org/resource/Celtic_songs
236	http://dbpedia.org/resource/Cha-cha-cha_(music)
237	http://dbpedia.org/resource/Chacarera
238	http://dbpedia.org/resource/Chalga
239	http://dbpedia.org/resource/Chamam%C3%A9
240	http://dbpedia.org/resource/Chamber_jazz
241	http://dbpedia.org/resource/Chamber_music
242	http://dbpedia.org/resource/Champeta
243	http://dbpedia.org/resource/Chand%C3%A9
244	http://dbpedia.org/resource/Chanson
245	http://dbpedia.org/resource/Chansonnier
246	http://dbpedia.org/resource/Chap_hop
247	http://dbpedia.org/resource/Character_comedy
248	http://dbpedia.org/resource/Charity_record
249	http://dbpedia.org/resource/Chicago_blues
250	http://dbpedia.org/resource/Chicago_hip_hop
251	http://dbpedia.org/resource/Chicago_house
252	http://dbpedia.org/resource/Chicago_soul
253	http://dbpedia.org/resource/Chicano_rap
254	http://dbpedia.org/resource/Chicano_rock
255	http://dbpedia.org/resource/Child
256	http://dbpedia.org/resource/Children's_literature
257	http://dbpedia.org/resource/Children's_music
258	http://dbpedia.org/resource/Children's_song
259	http://dbpedia.org/resource/Children's_television_series
260	http://dbpedia.org/resource/Chill-out_music
261	http://dbpedia.org/resource/Chill_house
262	http://dbpedia.org/resource/Chill_Out
263	http://dbpedia.org/resource/Chill_Trance
264	http://dbpedia.org/resource/Chillwave
265	http://dbpedia.org/resource/Chimurenga
266	http://dbpedia.org/resource/Chinese_hip_hop
267	http://dbpedia.org/resource/Chinese_music
268	http://dbpedia.org/resource/Chinese_rock
269	http://dbpedia.org/resource/Chiptune
270	http://dbpedia.org/resource/Choir
271	http://dbpedia.org/resource/Chopped_and_screwed
272	http://dbpedia.org/resource/Choro
273	http://dbpedia.org/resource/Christian
274	http://dbpedia.org/resource/Christian_adult_contemporary
275	http://dbpedia.org/resource/Christian_alternative_rock
276	http://dbpedia.org/resource/Christian_country_music
277	http://dbpedia.org/resource/Christian_hardcore
278	http://dbpedia.org/resource/Christian_hip_hop
279	http://dbpedia.org/resource/Christian_metal
280	http://dbpedia.org/resource/Christian_music
281	http://dbpedia.org/resource/Christian_Pop
282	http://dbpedia.org/resource/Christian_punk
283	http://dbpedia.org/resource/Christian_rock
284	http://dbpedia.org/resource/Christian_ska
285	http://dbpedia.org/resource/Christmas_music
286	http://dbpedia.org/resource/Cinema_of_India
287	http://dbpedia.org/resource/Cinematic_Rock
288	http://dbpedia.org/resource/Cirque_rock
289	http://dbpedia.org/resource/Classic
290	http://dbpedia.org/resource/Classic_country
291	http://dbpedia.org/resource/Classic_rock
292	http://dbpedia.org/resource/Classical
293	http://dbpedia.org/resource/Classical-crossover
294	http://dbpedia.org/resource/Classical_guitar
295	http://dbpedia.org/resource/Classical_music
296	http://dbpedia.org/resource/Classical_period_(music)
297	http://dbpedia.org/resource/Close_and_open_harmony
298	http://dbpedia.org/resource/Cloud_rap
299	http://dbpedia.org/resource/Club
300	http://dbpedia.org/resource/Cock_rock
301	http://dbpedia.org/resource/Cold_wave
302	http://dbpedia.org/resource/Coldwave
303	http://dbpedia.org/resource/College_Indie/Americana
304	http://dbpedia.org/resource/College_rock
305	http://dbpedia.org/resource/Comedy
306	http://dbpedia.org/resource/Comedy-drama
307	http://dbpedia.org/resource/Comedy_film
308	http://dbpedia.org/resource/Comedy_hip_hop
309	http://dbpedia.org/resource/Comedy_music
310	http://dbpedia.org/resource/Comedy_rock
311	http://dbpedia.org/resource/Compas_music
312	http://dbpedia.org/resource/Computer-generated_imagery
313	http://dbpedia.org/resource/Computer_music
314	http://dbpedia.org/resource/Conjunto
315	http://dbpedia.org/resource/Contemporary_Christian_music
316	http://dbpedia.org/resource/Contemporary_classical_music
317	http://dbpedia.org/resource/Contemporary_jazz
318	http://dbpedia.org/resource/Contemporary_R&B
319	http://dbpedia.org/resource/Contemporary_worship
320	http://dbpedia.org/resource/Contemporary_worship_music
321	http://dbpedia.org/resource/Cool_jazz
322	http://dbpedia.org/resource/Copla_(music)
323	http://dbpedia.org/resource/Corrido
324	http://dbpedia.org/resource/Country
325	http://dbpedia.org/resource/Country/rock/blues/americana_music
326	http://dbpedia.org/resource/Country_blues
327	http://dbpedia.org/resource/Country_folk
328	http://dbpedia.org/resource/Country_music
329	http://dbpedia.org/resource/Country_noir
330	http://dbpedia.org/resource/Country_pop
331	http://dbpedia.org/resource/Country_rap
332	http://dbpedia.org/resource/Country_rock
333	http://dbpedia.org/resource/Coup%C3%A9-D%C3%A9cal%C3%A9
334	http://dbpedia.org/resource/Cover_band
335	http://dbpedia.org/resource/Cover_version
336	http://dbpedia.org/resource/Cowpunk
337	http://dbpedia.org/resource/Crime_fiction
338	http://dbpedia.org/resource/Cringe_comedy
339	http://dbpedia.org/resource/Crooner
340	http://dbpedia.org/resource/Cross-genre
341	http://dbpedia.org/resource/Crossover_(music)
342	http://dbpedia.org/resource/Crossover_jazz
343	http://dbpedia.org/resource/Crossover_thrash
344	http://dbpedia.org/resource/Crunk
345	http://dbpedia.org/resource/Crunkcore
346	http://dbpedia.org/resource/Crust_punk
347	http://dbpedia.org/resource/Cuarteto
348	http://dbpedia.org/resource/Cult_film
349	http://dbpedia.org/resource/Culture_of_Asia
350	http://dbpedia.org/resource/Cumbia
351	http://dbpedia.org/resource/Cumbia_villera
352	http://dbpedia.org/resource/Cumbias
353	http://dbpedia.org/resource/Cybergoth
354	http://dbpedia.org/resource/Cyberpunk
355	http://dbpedia.org/resource/D-beat
356	http://dbpedia.org/resource/Daina_(Lithuania)
357	http://dbpedia.org/resource/Dance
358	http://dbpedia.org/resource/Dance-pop
359	http://dbpedia.org/resource/Dance-punk
360	http://dbpedia.org/resource/Dance-rock
361	http://dbpedia.org/resource/Dance_Club_Massacre
362	http://dbpedia.org/resource/Dance_hall
363	http://dbpedia.org/resource/Dance_music
364	http://dbpedia.org/resource/Dancehall
365	http://dbpedia.org/resource/Dansband
366	http://dbpedia.org/resource/Dark_Alternative_music
367	http://dbpedia.org/resource/Dark_ambient
368	http://dbpedia.org/resource/Dark_cabaret
369	http://dbpedia.org/resource/Dark_fantasy
370	http://dbpedia.org/resource/Dark_metal
371	http://dbpedia.org/resource/Dark_Pop
372	http://dbpedia.org/resource/Dark_rock
373	http://dbpedia.org/resource/Dark_wave
374	http://dbpedia.org/resource/Darkcore
375	http://dbpedia.org/resource/Darkstep
376	http://dbpedia.org/resource/Deadpan
377	http://dbpedia.org/resource/Death-doom
378	http://dbpedia.org/resource/Death/doom/gothic
379	http://dbpedia.org/resource/Death_'n'_roll
380	http://dbpedia.org/resource/Death_metal
381	http://dbpedia.org/resource/Deathcore
382	http://dbpedia.org/resource/Deathgrind
383	http://dbpedia.org/resource/Deathrock
384	http://dbpedia.org/resource/Deejay_(Jamaican)
385	http://dbpedia.org/resource/Deep_house
386	http://dbpedia.org/resource/Deep_House_music
387	http://dbpedia.org/resource/Delta_blues
388	http://dbpedia.org/resource/Demoscene
389	http://dbpedia.org/resource/Desert_pop
390	http://dbpedia.org/resource/Desi_Beats
391	http://dbpedia.org/resource/Desi_Hip_Hop
392	http://dbpedia.org/resource/Detective_fiction
393	http://dbpedia.org/resource/Detroit_techno
394	http://dbpedia.org/resource/Devotional_song
395	http://dbpedia.org/resource/Digital_hardcore
396	http://dbpedia.org/resource/Dirty_blues
397	http://dbpedia.org/resource/Dirty_rap
398	http://dbpedia.org/resource/Disco
399	http://dbpedia.org/resource/Dixieland
400	http://dbpedia.org/resource/Djent
401	http://dbpedia.org/resource/Doctor_Who_fandom
402	http://dbpedia.org/resource/Doo-wop
403	http://dbpedia.org/resource/Doom_metal
404	http://dbpedia.org/resource/Doom_Pop
405	http://dbpedia.org/resource/Downtempo
406	http://dbpedia.org/resource/Downtown_music
407	http://dbpedia.org/resource/Drama
408	http://dbpedia.org/resource/Drawing
409	http://dbpedia.org/resource/Dream_pop
410	http://dbpedia.org/resource/Dream_trance
411	http://dbpedia.org/resource/Drone_(music)
412	http://dbpedia.org/resource/Drone_metal
413	http://dbpedia.org/resource/Drone_music
414	http://dbpedia.org/resource/Drum
415	http://dbpedia.org/resource/Drum_and_bass
416	http://dbpedia.org/resource/Dub
417	http://dbpedia.org/resource/Dub_(music)
418	http://dbpedia.org/resource/Dub_poetry
419	http://dbpedia.org/resource/Dub_techno
420	http://dbpedia.org/resource/Dubstep
421	http://dbpedia.org/resource/Dubtronica
422	http://dbpedia.org/resource/Dunedin_Sound
423	http://dbpedia.org/resource/Duranguense
424	http://dbpedia.org/resource/Dutch_hip_hop
425	http://dbpedia.org/resource/E-Trip-Noise
426	http://dbpedia.org/resource/Early_hardcore
427	http://dbpedia.org/resource/Early_music
428	http://dbpedia.org/resource/East_Coast_blues
429	http://dbpedia.org/resource/East_Coast_hip_hop
430	http://dbpedia.org/resource/Easy_listening
431	http://dbpedia.org/resource/EBM
432	http://dbpedia.org/resource/Eclectic_Rock
433	http://dbpedia.org/resource/Eclecticism_in_music
434	http://dbpedia.org/resource/Educational_television
435	http://dbpedia.org/resource/Electric_blues
436	http://dbpedia.org/resource/Electric_folk
437	http://dbpedia.org/resource/Electro-House
438	http://dbpedia.org/resource/Electro-industrial
439	http://dbpedia.org/resource/Electro-Noir
440	http://dbpedia.org/resource/Electro-Rock
441	http://dbpedia.org/resource/Electro_(music)
442	http://dbpedia.org/resource/Electro_dance
443	http://dbpedia.org/resource/Electro_house
444	http://dbpedia.org/resource/Electro_Pop_music
445	http://dbpedia.org/resource/Electro_swing
446	http://dbpedia.org/resource/Electro_Swing
447	http://dbpedia.org/resource/Electro_trance
448	http://dbpedia.org/resource/Electroacoustic_music
449	http://dbpedia.org/resource/Electroclash
450	http://dbpedia.org/resource/Electronic
451	http://dbpedia.org/resource/Electronic_body_music
452	http://dbpedia.org/resource/Electronic_dance_music
453	http://dbpedia.org/resource/Electronic_fusion
454	http://dbpedia.org/resource/Electronic_music
455	http://dbpedia.org/resource/Electronic_rock
456	http://dbpedia.org/resource/Electronica
457	http://dbpedia.org/resource/Electronicore
458	http://dbpedia.org/resource/Elevator_music
459	http://dbpedia.org/resource/Emo
460	http://dbpedia.org/resource/Emo_pop
461	http://dbpedia.org/resource/Endzeit_Electro
462	http://dbpedia.org/resource/England
463	http://dbpedia.org/resource/English_language
464	http://dbpedia.org/resource/English_people
465	http://dbpedia.org/resource/Enigmatic_music
466	http://dbpedia.org/resource/Enka
467	http://dbpedia.org/resource/Eock_music
468	http://dbpedia.org/resource/Epic_poetry
469	http://dbpedia.org/resource/Epicore
470	http://dbpedia.org/resource/Ethereal_wave
471	http://dbpedia.org/resource/Ethio-jazz
472	http://dbpedia.org/resource/Ethnic_electronica
473	http://dbpedia.org/resource/Ethnic_Fusion
474	http://dbpedia.org/resource/Ethnic_group
475	http://dbpedia.org/resource/Ethnic_rock
476	http://dbpedia.org/resource/Ethno_jazz
477	http://dbpedia.org/resource/Etnorock
478	http://dbpedia.org/resource/Euro_disco
479	http://dbpedia.org/resource/Eurobeat
480	http://dbpedia.org/resource/Eurodance
481	http://dbpedia.org/resource/Europop
482	http://dbpedia.org/resource/Eurotrance
483	http://dbpedia.org/resource/Exotica
484	http://dbpedia.org/resource/Experiment
485	http://dbpedia.org/resource/Experimental/Ambient/Noise
486	http://dbpedia.org/resource/Experimental_hip_hop
487	http://dbpedia.org/resource/Experimental_Hip_Hop
488	http://dbpedia.org/resource/Experimental_metal
489	http://dbpedia.org/resource/Experimental_music
490	http://dbpedia.org/resource/Experimental_rock
491	http://dbpedia.org/resource/Expressionism
492	http://dbpedia.org/resource/Extreme_metal
493	http://dbpedia.org/resource/Fado
494	http://dbpedia.org/resource/Fandango
495	http://dbpedia.org/resource/Fantasy
496	http://dbpedia.org/resource/Farce
497	http://dbpedia.org/resource/Fast_rock
498	http://dbpedia.org/resource/Female_rock
499	http://dbpedia.org/resource/Fiction
500	http://dbpedia.org/resource/Fiddle
501	http://dbpedia.org/resource/Field_recording
502	http://dbpedia.org/resource/Filin_(music)
503	http://dbpedia.org/resource/Filk_music
504	http://dbpedia.org/resource/Film
505	http://dbpedia.org/resource/Film_score
506	http://dbpedia.org/resource/Filmi
507	http://dbpedia.org/resource/Fingerstyle_guitar
508	http://dbpedia.org/resource/Finnish_hip_hop
509	http://dbpedia.org/resource/Finnish_rock
510	http://dbpedia.org/resource/Flamenco
511	http://dbpedia.org/resource/Flamenco_guitar
512	http://dbpedia.org/resource/Flamenco_rumba
513	http://dbpedia.org/resource/Florida_breaks
514	http://dbpedia.org/resource/Folk
515	http://dbpedia.org/resource/Folk-pop
516	http://dbpedia.org/resource/Folk_baroque
517	http://dbpedia.org/resource/Folk_dance
518	http://dbpedia.org/resource/Folk_jazz
519	http://dbpedia.org/resource/Folk_metal
520	http://dbpedia.org/resource/Folk_music
521	http://dbpedia.org/resource/Folk_music_of_England
522	http://dbpedia.org/resource/Folk_music_of_Ireland
523	http://dbpedia.org/resource/Folk_Pop
524	http://dbpedia.org/resource/Folk_punk
525	http://dbpedia.org/resource/Folk_rock
526	http://dbpedia.org/resource/Folk_Singer
527	http://dbpedia.org/resource/Folklore
528	http://dbpedia.org/resource/Folktronica
529	http://dbpedia.org/resource/Football_chant
530	http://dbpedia.org/resource/Footwork_(Chicago)
531	http://dbpedia.org/resource/Forr%C3%B3
532	http://dbpedia.org/resource/Franco_Arabic
533	http://dbpedia.org/resource/Freak_folk
534	http://dbpedia.org/resource/Freak_pop
535	http://dbpedia.org/resource/Freakbeat
536	http://dbpedia.org/resource/Free_funk
537	http://dbpedia.org/resource/Free_improvisation
538	http://dbpedia.org/resource/Free_jazz
539	http://dbpedia.org/resource/Free_rock
540	http://dbpedia.org/resource/Free_verse
541	http://dbpedia.org/resource/Freestyle
542	http://dbpedia.org/resource/Freestyle_music
543	http://dbpedia.org/resource/Freestyle_rap
544	http://dbpedia.org/resource/Freestyle_techno
545	http://dbpedia.org/resource/French_Electro
546	http://dbpedia.org/resource/French_Electronic
547	http://dbpedia.org/resource/French_hip_hop
548	http://dbpedia.org/resource/French_house
549	http://dbpedia.org/resource/French_jazz
550	http://dbpedia.org/resource/French_pop_music
551	http://dbpedia.org/resource/French_popular_music
552	http://dbpedia.org/resource/French_rock
553	http://dbpedia.org/resource/Fruit_preserves
554	http://dbpedia.org/resource/Funk
555	http://dbpedia.org/resource/Funk_carioca
556	http://dbpedia.org/resource/Funk_metal
557	http://dbpedia.org/resource/Funk_rock
558	http://dbpedia.org/resource/Funktronica
559	http://dbpedia.org/resource/Funky_Club_Music
560	http://dbpedia.org/resource/Funky_house
561	http://dbpedia.org/resource/Fusion_(music)
562	http://dbpedia.org/resource/Future_garage
563	http://dbpedia.org/resource/Futurepop
564	http://dbpedia.org/resource/Futurock
565	http://dbpedia.org/resource/G-funk
566	http://dbpedia.org/resource/Gagaku
567	http://dbpedia.org/resource/Gangsta_rap
568	http://dbpedia.org/resource/Garage_country
569	http://dbpedia.org/resource/Garage_music
570	http://dbpedia.org/resource/Garage_music_(North_America)
571	http://dbpedia.org/resource/Garage_punk
572	http://dbpedia.org/resource/Garage_rock
573	http://dbpedia.org/resource/Geek
574	http://dbpedia.org/resource/Genre_fiction
575	http://dbpedia.org/resource/German_hip_hop
576	http://dbpedia.org/resource/German_rock
577	http://dbpedia.org/resource/Germans
578	http://dbpedia.org/resource/Germany
579	http://dbpedia.org/resource/Ghazal
580	http://dbpedia.org/resource/Ghetto_house
581	http://dbpedia.org/resource/Ghettotech
582	http://dbpedia.org/resource/Girl_group
583	http://dbpedia.org/resource/Girl_power
584	http://dbpedia.org/resource/Glam_folk
585	http://dbpedia.org/resource/Glam_metal
586	http://dbpedia.org/resource/Glam_punk
587	http://dbpedia.org/resource/Glam_rock
588	http://dbpedia.org/resource/Glitch
589	http://dbpedia.org/resource/Glitch_(music)
590	http://dbpedia.org/resource/Go-go
591	http://dbpedia.org/resource/Goa_trance
592	http://dbpedia.org/resource/Golden_age_hip_hop
593	http://dbpedia.org/resource/Goldfrapp
594	http://dbpedia.org/resource/Goombay
595	http://dbpedia.org/resource/Goregrind
596	http://dbpedia.org/resource/Gospel
597	http://dbpedia.org/resource/Gospel_blues
598	http://dbpedia.org/resource/Gospel_music
599	http://dbpedia.org/resource/Gospel_reggae
600	http://dbpedia.org/resource/Gothabilly
601	http://dbpedia.org/resource/Gothic_metal
602	http://dbpedia.org/resource/Gothic_rock
603	http://dbpedia.org/resource/Grebo
604	http://dbpedia.org/resource/Grebo_(music)
605	http://dbpedia.org/resource/Greek_folk_music
606	http://dbpedia.org/resource/Greek_rock
607	http://dbpedia.org/resource/Grime
608	http://dbpedia.org/resource/Grime_(music)
609	http://dbpedia.org/resource/Grindcore
610	http://dbpedia.org/resource/Grindie
611	http://dbpedia.org/resource/Groove_(music)
612	http://dbpedia.org/resource/Groove_metal
613	http://dbpedia.org/resource/GrooveRock
614	http://dbpedia.org/resource/Group_Sounds
615	http://dbpedia.org/resource/Grunge
616	http://dbpedia.org/resource/Grupera
617	http://dbpedia.org/resource/Guacarrock
618	http://dbpedia.org/resource/Guaguanc%C3%B3
619	http://dbpedia.org/resource/Guaracha
620	http://dbpedia.org/resource/Gurbani
621	http://dbpedia.org/resource/Gwerz
622	http://dbpedia.org/resource/Gypsy_jazz
623	http://dbpedia.org/resource/Gypsy_punk
624	http://dbpedia.org/resource/Gypsy_style
625	http://dbpedia.org/resource/Hamd
626	http://dbpedia.org/resource/Hammond_organ
627	http://dbpedia.org/resource/Hapa_haole_music
628	http://dbpedia.org/resource/Happy_hardcore
629	http://dbpedia.org/resource/Hard_bop
630	http://dbpedia.org/resource/Hard_rock
631	http://dbpedia.org/resource/Hard_trance
632	http://dbpedia.org/resource/Hardcore
633	http://dbpedia.org/resource/Hardcore_(electronic_dance_music_genre)
634	http://dbpedia.org/resource/Hardcore_hip_hop
635	http://dbpedia.org/resource/Hardcore_punk
636	http://dbpedia.org/resource/Hardcore_skinhead
637	http://dbpedia.org/resource/Hardstep
638	http://dbpedia.org/resource/Hardstyle
639	http://dbpedia.org/resource/Harmolodics
640	http://dbpedia.org/resource/Harmony
641	http://dbpedia.org/resource/Hauntology_(musical_genre)
642	http://dbpedia.org/resource/Heartland_rock
643	http://dbpedia.org/resource/Heavy_metal_music
644	http://dbpedia.org/resource/Hi-NRG
645	http://dbpedia.org/resource/Highlife
646	http://dbpedia.org/resource/Hill_country_blues
647	http://dbpedia.org/resource/Hillbilly
648	http://dbpedia.org/resource/Hindustani_classical_music
649	http://dbpedia.org/resource/Hip_hop
650	http://dbpedia.org/resource/Hip_hop_music
651	http://dbpedia.org/resource/Hip_hop_music_in_the_Pacific_Northwest
652	http://dbpedia.org/resource/Hip_hop_production
653	http://dbpedia.org/resource/Hip_hop_soul
654	http://dbpedia.org/resource/Hip_house
655	http://dbpedia.org/resource/Hip_Life
656	http://dbpedia.org/resource/Hipster_hop
657	http://dbpedia.org/resource/Hiragasy
658	http://dbpedia.org/resource/Historical_fiction
659	http://dbpedia.org/resource/History
660	http://dbpedia.org/resource/History_of_the_Mediterranean_region
661	http://dbpedia.org/resource/Hong_Kong_English_pop
662	http://dbpedia.org/resource/Hong_Kong_hip_hop
663	http://dbpedia.org/resource/Honky-tonk
664	http://dbpedia.org/resource/Horror_punk
665	http://dbpedia.org/resource/Horrorcore
666	http://dbpedia.org/resource/House
667	http://dbpedia.org/resource/House_music
668	http://dbpedia.org/resource/Huapango
669	http://dbpedia.org/resource/Human_voice
670	http://dbpedia.org/resource/Humour
671	http://dbpedia.org/resource/Hymn
672	http://dbpedia.org/resource/Hyphy
673	http://dbpedia.org/resource/Illbient
674	http://dbpedia.org/resource/Impressionist_(entertainment)
675	http://dbpedia.org/resource/Improv_Jazz
676	http://dbpedia.org/resource/Improvisation
677	http://dbpedia.org/resource/Improvisational_theatre
678	http://dbpedia.org/resource/Incidental_music
679	http://dbpedia.org/resource/Independent_music
680	http://dbpedia.org/resource/Indian_classical_music
681	http://dbpedia.org/resource/Indian_folk_music
682	http://dbpedia.org/resource/Indian_pop
683	http://dbpedia.org/resource/Indie-roots_rock
684	http://dbpedia.org/resource/Indie_folk
685	http://dbpedia.org/resource/Indie_hip-hop
686	http://dbpedia.org/resource/Indie_pop
687	http://dbpedia.org/resource/Indie_Pop_music
688	http://dbpedia.org/resource/Indie_rock
689	http://dbpedia.org/resource/Indie_Rock,_Folk,_Experimental
690	http://dbpedia.org/resource/Indielectro
691	http://dbpedia.org/resource/Indietronica
692	http://dbpedia.org/resource/Indigenous_Australian_music
693	http://dbpedia.org/resource/Indo_jazz
694	http://dbpedia.org/resource/Industrial_dance
695	http://dbpedia.org/resource/Industrial_hip_hop
696	http://dbpedia.org/resource/Industrial_metal
697	http://dbpedia.org/resource/Industrial_music
698	http://dbpedia.org/resource/Industrial_rock
699	http://dbpedia.org/resource/Inspiration
700	http://dbpedia.org/resource/Instrumental
701	http://dbpedia.org/resource/Instrumental_rock
702	http://dbpedia.org/resource/Insult_comedy
703	http://dbpedia.org/resource/Intelligent_dance_music
704	http://dbpedia.org/resource/Inuit_throat_singing
705	http://dbpedia.org/resource/Iranian_folk_music
706	http://dbpedia.org/resource/Iranian_hip_hop
707	http://dbpedia.org/resource/Irish_rebel_music
708	http://dbpedia.org/resource/Irish_rock
709	http://dbpedia.org/resource/Islam
710	http://dbpedia.org/resource/Islamic_music
711	http://dbpedia.org/resource/Israeli_rock
712	http://dbpedia.org/resource/Italian_popular_music
713	http://dbpedia.org/resource/Italian_progressive_rock
714	http://dbpedia.org/resource/Italian_rock
715	http://dbpedia.org/resource/Italo_dance
716	http://dbpedia.org/resource/Italo_disco
717	http://dbpedia.org/resource/Italo_house
718	http://dbpedia.org/resource/J-Core
719	http://dbpedia.org/resource/J-pop
720	http://dbpedia.org/resource/Jam_band
721	http://dbpedia.org/resource/Jangle_pop
722	http://dbpedia.org/resource/Jank-Pop
723	http://dbpedia.org/resource/Japan
724	http://dbpedia.org/resource/Japanese_hip_hop
725	http://dbpedia.org/resource/Japanese_jazz
726	http://dbpedia.org/resource/Japanese_reggae
727	http://dbpedia.org/resource/Japanoise
728	http://dbpedia.org/resource/Jazz
729	http://dbpedia.org/resource/Jazz-funk
730	http://dbpedia.org/resource/Jazz_contemporary
731	http://dbpedia.org/resource/Jazz_fusion
732	http://dbpedia.org/resource/Jazz_poetry
733	http://dbpedia.org/resource/Jazz_rap
734	http://dbpedia.org/resource/Jazzstep
735	http://dbpedia.org/resource/Jerkin'
736	http://dbpedia.org/resource/Jersey_Shore_sound
737	http://dbpedia.org/resource/Jesus_music
738	http://dbpedia.org/resource/Jewish_music
739	http://dbpedia.org/resource/Jimmy_Buffett
740	http://dbpedia.org/resource/Jit
741	http://dbpedia.org/resource/Joeson
742	http://dbpedia.org/resource/Joik
743	http://dbpedia.org/resource/Jorge_Galemire
744	http://dbpedia.org/resource/Jug_band
745	http://dbpedia.org/resource/Juke_joint_blues
746	http://dbpedia.org/resource/Jump_blues
747	http://dbpedia.org/resource/Jumpstyle
748	http://dbpedia.org/resource/Jungle
749	http://dbpedia.org/resource/Jungle_music
750	http://dbpedia.org/resource/Junkanoo
751	http://dbpedia.org/resource/K-pop
752	http://dbpedia.org/resource/Kafi
753	http://dbpedia.org/resource/Kan_ha_diskan
754	http://dbpedia.org/resource/Kay%C5%8Dkyoku
755	http://dbpedia.org/resource/Khaliji_Music
756	http://dbpedia.org/resource/Kindie_rock
757	http://dbpedia.org/resource/Kirana_gharana
758	http://dbpedia.org/resource/Kirtan
759	http://dbpedia.org/resource/Kizomba
760	http://dbpedia.org/resource/Klezmer
761	http://dbpedia.org/resource/Korean_hip_hop
762	http://dbpedia.org/resource/Korean_rock
763	http://dbpedia.org/resource/Krautrock
764	http://dbpedia.org/resource/Kuduro
765	http://dbpedia.org/resource/Kurdish_music
766	http://dbpedia.org/resource/La%C3%AFko
767	http://dbpedia.org/resource/Laika
768	http://dbpedia.org/resource/Lambada
769	http://dbpedia.org/resource/Latin
770	http://dbpedia.org/resource/Latin_Alternative
771	http://dbpedia.org/resource/Latin_American_music
772	http://dbpedia.org/resource/Latin_ballad
773	http://dbpedia.org/resource/Latin_hip_hop
774	http://dbpedia.org/resource/Latin_house
775	http://dbpedia.org/resource/Latin_jazz
776	http://dbpedia.org/resource/Latin_metal
777	http://dbpedia.org/resource/Latin_pop
778	http://dbpedia.org/resource/Latin_soul
779	http://dbpedia.org/resource/Latin_tech_house
780	http://dbpedia.org/resource/Left-wing_politics
781	http://dbpedia.org/resource/Levenslied
782	http://dbpedia.org/resource/LGBT_hip_hop
783	http://dbpedia.org/resource/Light_Classical
784	http://dbpedia.org/resource/Light_music
785	http://dbpedia.org/resource/Liquid_funk
786	http://dbpedia.org/resource/List_of_Caribbean_music_genres
787	http://dbpedia.org/resource/List_of_Christian_dance,_electronic,_and_techno_artists
788	http://dbpedia.org/resource/List_of_cultural_references_to_A_Clockwork_Orange
789	http://dbpedia.org/resource/List_of_Swedish_indie_pop_artists
790	http://dbpedia.org/resource/List_of_vocal_groups
791	http://dbpedia.org/resource/Literary_criticism
792	http://dbpedia.org/resource/Liturgical_music
793	http://dbpedia.org/resource/Live_electronic_music
794	http://dbpedia.org/resource/Livetronica
795	http://dbpedia.org/resource/Lo-Fi-DIY-Indie-Pop-Core,_Beat_Poetry
796	http://dbpedia.org/resource/Lo-fi_music
797	http://dbpedia.org/resource/Lollywood
798	http://dbpedia.org/resource/Loop_(music)
799	http://dbpedia.org/resource/Louisiana_blues
800	http://dbpedia.org/resource/Lounge
801	http://dbpedia.org/resource/Lounge_music
802	http://dbpedia.org/resource/Lovers_rock
803	http://dbpedia.org/resource/Low_Bap
804	http://dbpedia.org/resource/Low_fidelity
805	http://dbpedia.org/resource/Low_rock
806	http://dbpedia.org/resource/Lubbock_sound
807	http://dbpedia.org/resource/Luk_thung
808	http://dbpedia.org/resource/Lyric_poetry
809	http://dbpedia.org/resource/Lyrics
810	http://dbpedia.org/resource/M-Base
811	http://dbpedia.org/resource/M%C3%BAsica_criolla
812	http://dbpedia.org/resource/M%C3%BAsica_popular_brasileira
813	http://dbpedia.org/resource/M%C3%BAsica_sertaneja
814	http://dbpedia.org/resource/Madchester
815	http://dbpedia.org/resource/Madrigal
816	http://dbpedia.org/resource/Mainstream_hardcore
817	http://dbpedia.org/resource/Mainstream_jazz
818	http://dbpedia.org/resource/Mainstream_rock
819	http://dbpedia.org/resource/Makossa
820	http://dbpedia.org/resource/Mambo_(music)
821	http://dbpedia.org/resource/Mandinka_people
822	http://dbpedia.org/resource/Mandopop
823	http://dbpedia.org/resource/Mangue_Bit
824	http://dbpedia.org/resource/Manila_Sound
825	http://dbpedia.org/resource/Marabi
826	http://dbpedia.org/resource/March_(music)
827	http://dbpedia.org/resource/Mardi_Gras_Indians
828	http://dbpedia.org/resource/Mariachi
829	http://dbpedia.org/resource/Marrabenta
830	http://dbpedia.org/resource/Martial_industrial
831	http://dbpedia.org/resource/Martial_music
832	http://dbpedia.org/resource/Mashup_(music)
833	http://dbpedia.org/resource/Maskanda
834	http://dbpedia.org/resource/Math_rock
835	http://dbpedia.org/resource/Mathcore
836	http://dbpedia.org/resource/Maxixe_(dance)
837	http://dbpedia.org/resource/Mbalax
838	http://dbpedia.org/resource/Mbaqanga
839	http://dbpedia.org/resource/Medieval_folk_rock
840	http://dbpedia.org/resource/Medieval_metal
841	http://dbpedia.org/resource/Medieval_music
842	http://dbpedia.org/resource/Medieval_rock
843	http://dbpedia.org/resource/Melancholy_trance
844	http://dbpedia.org/resource/Melange
845	http://dbpedia.org/resource/Melodic_Death-Metal
846	http://dbpedia.org/resource/Melodic_death_metal
847	http://dbpedia.org/resource/Melodic_funk
848	http://dbpedia.org/resource/Melodic_hardcore
849	http://dbpedia.org/resource/Melodic_Math-Metal
850	http://dbpedia.org/resource/Melodic_metalcore
851	http://dbpedia.org/resource/Melodramatic_Pop
852	http://dbpedia.org/resource/Melody
853	http://dbpedia.org/resource/Memphis_blues
854	http://dbpedia.org/resource/Memphis_soul
855	http://dbpedia.org/resource/Merengue_music
856	http://dbpedia.org/resource/Metal
857	http://dbpedia.org/resource/Metalcore
858	http://dbpedia.org/resource/Mexican_cumbia
859	http://dbpedia.org/resource/Mexican_pop_music
860	http://dbpedia.org/resource/Mexican_rock_music
861	http://dbpedia.org/resource/Miami_bass
862	http://dbpedia.org/resource/Microhouse
863	http://dbpedia.org/resource/Microsound
864	http://dbpedia.org/resource/Middle_Eastern_music
865	http://dbpedia.org/resource/Middle_of_the_road_(music)
866	http://dbpedia.org/resource/Midwest_hip_hop
867	http://dbpedia.org/resource/Milonga_(music)
868	http://dbpedia.org/resource/Minimal_music
869	http://dbpedia.org/resource/Minimal_techno
870	http://dbpedia.org/resource/Minimal_wave
871	http://dbpedia.org/resource/Minimalism
872	http://dbpedia.org/resource/Minneapolis_sound
873	http://dbpedia.org/resource/Mod_(subculture)
874	http://dbpedia.org/resource/Mod_revival
875	http://dbpedia.org/resource/Modal_jazz
876	http://dbpedia.org/resource/Modern_Edge_Metal
877	http://dbpedia.org/resource/Modern_rock
878	http://dbpedia.org/resource/Monologue
879	http://dbpedia.org/resource/Mood_Music
880	http://dbpedia.org/resource/Moombahcore
881	http://dbpedia.org/resource/Moombahton
882	http://dbpedia.org/resource/Moonraisers
883	http://dbpedia.org/resource/Morna_(music)
884	http://dbpedia.org/resource/Motown
885	http://dbpedia.org/resource/Multimedia_artist
886	http://dbpedia.org/resource/Mundart
887	http://dbpedia.org/resource/Murga
888	http://dbpedia.org/resource/Music_and_politics
889	http://dbpedia.org/resource/Music_hall
890	http://dbpedia.org/resource/Music_in_the_Tyva_Republic
891	http://dbpedia.org/resource/Music_of_Africa
892	http://dbpedia.org/resource/Music_of_ancient_Greece
893	http://dbpedia.org/resource/Music_of_Bollywood
894	http://dbpedia.org/resource/Music_of_Brazil
895	http://dbpedia.org/resource/Music_of_Brittany
896	http://dbpedia.org/resource/Music_of_Bulgaria
897	http://dbpedia.org/resource/Music_of_Burma
898	http://dbpedia.org/resource/Music_of_Cambodia
899	http://dbpedia.org/resource/Music_of_Chile
900	http://dbpedia.org/resource/Music_of_Costa_Rica
901	http://dbpedia.org/resource/Music_of_Cuba
902	http://dbpedia.org/resource/Music_of_Detroit
903	http://dbpedia.org/resource/Music_of_Egypt
904	http://dbpedia.org/resource/Music_of_Ethiopia
905	http://dbpedia.org/resource/Music_of_Greece
906	http://dbpedia.org/resource/Music_of_Guinea
907	http://dbpedia.org/resource/Music_of_Hawaii
908	http://dbpedia.org/resource/Music_of_Iceland
909	http://dbpedia.org/resource/Music_of_India
910	http://dbpedia.org/resource/Music_of_Indonesia
911	http://dbpedia.org/resource/Music_of_Iran
912	http://dbpedia.org/resource/Music_of_Ireland
913	http://dbpedia.org/resource/Music_of_Israel
914	http://dbpedia.org/resource/Music_of_Italy
915	http://dbpedia.org/resource/Music_of_Japan
916	http://dbpedia.org/resource/Music_of_Java
917	http://dbpedia.org/resource/Music_of_Korea
918	http://dbpedia.org/resource/Music_of_Lebanon
919	http://dbpedia.org/resource/Music_of_Malawi
920	http://dbpedia.org/resource/Music_of_Mali
921	http://dbpedia.org/resource/Music_of_Mongolia
922	http://dbpedia.org/resource/Music_of_Morocco
923	http://dbpedia.org/resource/Music_of_Naples
924	http://dbpedia.org/resource/Music_of_New_Orleans
925	http://dbpedia.org/resource/Music_of_Norway
926	http://dbpedia.org/resource/Music_of_Peru
927	http://dbpedia.org/resource/Music_of_Portugal
928	http://dbpedia.org/resource/Music_of_Puerto_Rico
929	http://dbpedia.org/resource/Music_of_Punjab
930	http://dbpedia.org/resource/Music_of_Quebec
931	http://dbpedia.org/resource/Music_of_Scotland
932	http://dbpedia.org/resource/Music_of_Senegal
933	http://dbpedia.org/resource/Music_of_Serbia
934	http://dbpedia.org/resource/Music_of_Somalia
935	http://dbpedia.org/resource/Music_of_Southeastern_Europe
936	http://dbpedia.org/resource/Music_of_the_Philippines
937	http://dbpedia.org/resource/Music_of_Turkey
938	http://dbpedia.org/resource/Music_of_Venezuela
939	http://dbpedia.org/resource/Music_of_Wales
940	http://dbpedia.org/resource/Musical_ensemble
941	http://dbpedia.org/resource/Musical_film
942	http://dbpedia.org/resource/Musical_improvisation
943	http://dbpedia.org/resource/Musical_theatre
944	http://dbpedia.org/resource/Musik_pop
945	http://dbpedia.org/resource/Musique_concr%C3%A8te
946	http://dbpedia.org/resource/N%C3%A9o-trad
947	http://dbpedia.org/resource/N_skool_breaks
948	http://dbpedia.org/resource/Naat
949	http://dbpedia.org/resource/Nap
950	http://dbpedia.org/resource/Nardcore
951	http://dbpedia.org/resource/Nashville_sound
952	http://dbpedia.org/resource/National_Socialist_black_metal
953	http://dbpedia.org/resource/Native_American_music
954	http://dbpedia.org/resource/Nazi_Rock
955	http://dbpedia.org/resource/Nederbeat
956	http://dbpedia.org/resource/Nederpop
957	http://dbpedia.org/resource/Neo-bop_jazz
958	http://dbpedia.org/resource/Neo-Medieval_music
959	http://dbpedia.org/resource/Neo-progressive_rock
960	http://dbpedia.org/resource/Neo-psychedelia
961	http://dbpedia.org/resource/Neo-Victorian
962	http://dbpedia.org/resource/Neo_Classic
963	http://dbpedia.org/resource/Neo_soul
964	http://dbpedia.org/resource/Neoclassical_dark_wave
965	http://dbpedia.org/resource/Neoclassical_metal
966	http://dbpedia.org/resource/Neoclassical_new_age
967	http://dbpedia.org/resource/Neoclassicism_(music)
968	http://dbpedia.org/resource/Neofolk
969	http://dbpedia.org/resource/Neotango
970	http://dbpedia.org/resource/Neotraditional_country
971	http://dbpedia.org/resource/Nerdcore
972	http://dbpedia.org/resource/Netherlands
973	http://dbpedia.org/resource/Neue_Deutsche_H%C3%A4rte
974	http://dbpedia.org/resource/Neue_Deutsche_Todeskunst
975	http://dbpedia.org/resource/Neue_Deutsche_Welle
976	http://dbpedia.org/resource/Neurofunk
977	http://dbpedia.org/resource/New-age_music
978	http://dbpedia.org/resource/New_Acoustic_Music
979	http://dbpedia.org/resource/New_Age
980	http://dbpedia.org/resource/New_Beat
981	http://dbpedia.org/resource/New_Classical_architecture
982	http://dbpedia.org/resource/New_Flamenco
983	http://dbpedia.org/resource/New_jack_swing
984	http://dbpedia.org/resource/New_Orleans_blues
985	http://dbpedia.org/resource/New_Orleans_rhythm_and_blues
986	http://dbpedia.org/resource/New_Primitivism
987	http://dbpedia.org/resource/New_rave
988	http://dbpedia.org/resource/New_Romanticism
989	http://dbpedia.org/resource/New_school_hip_hop
990	http://dbpedia.org/resource/New_Wave
991	http://dbpedia.org/resource/New_wave_music
992	http://dbpedia.org/resource/New_Wave_music_in_Yugoslavia
993	http://dbpedia.org/resource/New_Weird_America
994	http://dbpedia.org/resource/New_York_blues
995	http://dbpedia.org/resource/New_York_hardcore
996	http://dbpedia.org/resource/New_Zealand_hip_hop
997	http://dbpedia.org/resource/News_satire
998	http://dbpedia.org/resource/Nintendo_Entertainment_System
999	http://dbpedia.org/resource/Nintendocore
1000	http://dbpedia.org/resource/No_wave
1001	http://dbpedia.org/resource/Noise
1002	http://dbpedia.org/resource/Noise_music
1003	http://dbpedia.org/resource/Noise_pop
1004	http://dbpedia.org/resource/Noise_rock
1005	http://dbpedia.org/resource/Noisecore
1006	http://dbpedia.org/resource/Non-fiction
1007	http://dbpedia.org/resource/Non_sequitur_(literary_device)
1008	http://dbpedia.org/resource/Nordic_folk_music
1009	http://dbpedia.org/resource/Norte%C3%B1o_(music)
1010	http://dbpedia.org/resource/Nortec
1011	http://dbpedia.org/resource/Northern_soul
1012	http://dbpedia.org/resource/Nouveau_Flamenco
1013	http://dbpedia.org/resource/Nouvelle_Chanson
1014	http://dbpedia.org/resource/Nova_Can%C3%A7%C3%B3
1015	http://dbpedia.org/resource/Novel
1016	http://dbpedia.org/resource/Novelty_song
1017	http://dbpedia.org/resource/Nu-disco
1018	http://dbpedia.org/resource/Nu-funk
1019	http://dbpedia.org/resource/Nu_gaze
1020	http://dbpedia.org/resource/Nu_jazz
1021	http://dbpedia.org/resource/Nu_metal
1022	http://dbpedia.org/resource/Nueva_canci%C3%B3n
1023	http://dbpedia.org/resource/Nueva_trova
1024	http://dbpedia.org/resource/Nuevo_tango
1025	http://dbpedia.org/resource/Oblique_Strategies
1026	http://dbpedia.org/resource/Observational_comedy
1027	http://dbpedia.org/resource/Off-color_humor
1028	http://dbpedia.org/resource/Oi!
1029	http://dbpedia.org/resource/Okinawan_music
1030	http://dbpedia.org/resource/Old-school_hip_hop
1031	http://dbpedia.org/resource/Old-time_music
1032	http://dbpedia.org/resource/Old_Style_and_New_Style_dates
1033	http://dbpedia.org/resource/Old_Time
1034	http://dbpedia.org/resource/Oldies
1035	http://dbpedia.org/resource/Oldschool_jungle
1036	http://dbpedia.org/resource/One-line_joke
1037	http://dbpedia.org/resource/One-man_band
1038	http://dbpedia.org/resource/Opera
1039	http://dbpedia.org/resource/Opera_(Andrea_Bocelli_album)
1040	http://dbpedia.org/resource/Operatic_pop
1041	http://dbpedia.org/resource/Orchestra
1042	http://dbpedia.org/resource/Orchestral_jazz
1043	http://dbpedia.org/resource/Orient
1044	http://dbpedia.org/resource/Oriental_Rock
1045	http://dbpedia.org/resource/Ottoman_classical_music
1046	http://dbpedia.org/resource/Oud
1047	http://dbpedia.org/resource/Outlaw_country
1048	http://dbpedia.org/resource/Outsider_music
1049	http://dbpedia.org/resource/Overtone_singing
1050	http://dbpedia.org/resource/P-Funk
1051	http://dbpedia.org/resource/Pachanga
1052	http://dbpedia.org/resource/Pagan_metal
1053	http://dbpedia.org/resource/Pagan_rock
1054	http://dbpedia.org/resource/Pagode
1055	http://dbpedia.org/resource/Paisley_Underground
1056	http://dbpedia.org/resource/Palm_Desert_Scene
1057	http://dbpedia.org/resource/Parody
1058	http://dbpedia.org/resource/Parody_music
1059	http://dbpedia.org/resource/Pasillo
1060	http://dbpedia.org/resource/Pastiche
1061	http://dbpedia.org/resource/Patriotic_song
1062	http://dbpedia.org/resource/Payada
1063	http://dbpedia.org/resource/PBR&B
1064	http://dbpedia.org/resource/Pentecostalism
1065	http://dbpedia.org/resource/Percussion_instrument
1066	http://dbpedia.org/resource/Performance_art
1067	http://dbpedia.org/resource/Persian_pop_&_traditional/classical_music
1068	http://dbpedia.org/resource/Persian_pop_music
1069	http://dbpedia.org/resource/Persian_traditional_music
1070	http://dbpedia.org/resource/Philadelphia_soul
1071	http://dbpedia.org/resource/Philosophy
1072	http://dbpedia.org/resource/Physical_comedy
1073	http://dbpedia.org/resource/Piano
1074	http://dbpedia.org/resource/Piano_blues
1075	http://dbpedia.org/resource/Piano_rock
1076	http://dbpedia.org/resource/Picture_book
1077	http://dbpedia.org/resource/Piedmont_blues
1078	http://dbpedia.org/resource/Pinoy_pop
1079	http://dbpedia.org/resource/Pinoy_rock
1080	http://dbpedia.org/resource/Pizza_Theatre
1081	http://dbpedia.org/resource/Pizzica
1082	http://dbpedia.org/resource/Play_(theatre)
1083	http://dbpedia.org/resource/Playback_singer
1084	http://dbpedia.org/resource/Playwright
1085	http://dbpedia.org/resource/Plunderphonics
1086	http://dbpedia.org/resource/Poetry
1087	http://dbpedia.org/resource/Poetry_slam
1088	http://dbpedia.org/resource/Political_hip_hop
1089	http://dbpedia.org/resource/Political_satire
1090	http://dbpedia.org/resource/Politics
1091	http://dbpedia.org/resource/Polka
1092	http://dbpedia.org/resource/Pop
1093	http://dbpedia.org/resource/Pop-folk
1094	http://dbpedia.org/resource/Pop-noir
1095	http://dbpedia.org/resource/Pop-rap
1096	http://dbpedia.org/resource/Pop_commercial
1097	http://dbpedia.org/resource/Pop_Jazz
1098	http://dbpedia.org/resource/Pop_music
1099	http://dbpedia.org/resource/Pop_punk
1100	http://dbpedia.org/resource/Pop_rock
1101	http://dbpedia.org/resource/Popular_music
1102	http://dbpedia.org/resource/Pornogrind
1103	http://dbpedia.org/resource/Porro
1104	http://dbpedia.org/resource/Positive_hardcore
1105	http://dbpedia.org/resource/Post-bop
1106	http://dbpedia.org/resource/Post-Britpop
1107	http://dbpedia.org/resource/Post-disco
1108	http://dbpedia.org/resource/Post-grunge
1109	http://dbpedia.org/resource/Post-hardcore
1110	http://dbpedia.org/resource/Post-industrial_music
1111	http://dbpedia.org/resource/Post-industrial_society
1112	http://dbpedia.org/resource/Post-metal
1113	http://dbpedia.org/resource/Post-punk
1114	http://dbpedia.org/resource/Post-punk_revival
1115	http://dbpedia.org/resource/Post-rock
1116	http://dbpedia.org/resource/Post_minimalism
1117	http://dbpedia.org/resource/Postminimalism
1118	http://dbpedia.org/resource/Postmodern_music
1119	http://dbpedia.org/resource/Power_electronics_(music)
1120	http://dbpedia.org/resource/Power_metal
1121	http://dbpedia.org/resource/Power_noise
1122	http://dbpedia.org/resource/Power_pop
1123	http://dbpedia.org/resource/Powerviolence
1124	http://dbpedia.org/resource/Prague_underground_(culture)
1125	http://dbpedia.org/resource/Prank_call
1126	http://dbpedia.org/resource/Process_music
1127	http://dbpedia.org/resource/Production_music
1128	http://dbpedia.org/resource/Progg
1129	http://dbpedia.org/resource/Progressive_bluegrass
1130	http://dbpedia.org/resource/Progressive_country
1131	http://dbpedia.org/resource/Progressive_folk_music
1132	http://dbpedia.org/resource/Progressive_global_fusion
1133	http://dbpedia.org/resource/Progressive_house
1134	http://dbpedia.org/resource/Progressive_metal
1135	http://dbpedia.org/resource/Progressive_punk
1136	http://dbpedia.org/resource/Progressive_rock
1137	http://dbpedia.org/resource/Prose_poetry
1138	http://dbpedia.org/resource/Protest_art
1139	http://dbpedia.org/resource/Protest_song
1140	http://dbpedia.org/resource/Protopunk
1141	http://dbpedia.org/resource/Psych-Surf_Rock
1142	http://dbpedia.org/resource/Psychedelia
1143	http://dbpedia.org/resource/Psychedelic_country
1144	http://dbpedia.org/resource/Psychedelic_folk
1145	http://dbpedia.org/resource/Psychedelic_music
1146	http://dbpedia.org/resource/Psychedelic_pop
1147	http://dbpedia.org/resource/Psychedelic_rock
1148	http://dbpedia.org/resource/Psychedelic_soul
1149	http://dbpedia.org/resource/Psychedelic_trance
1150	http://dbpedia.org/resource/Psychobilly
1151	http://dbpedia.org/resource/Psychology
1152	http://dbpedia.org/resource/Pub_rock_(Australia)
1153	http://dbpedia.org/resource/Pub_rock_(United_Kingdom)
1154	http://dbpedia.org/resource/Punjabi_(music)
1155	http://dbpedia.org/resource/Punjabi_culture
1156	http://dbpedia.org/resource/Punjabi_people
1157	http://dbpedia.org/resource/Punk
1158	http://dbpedia.org/resource/Punk_blues
1159	http://dbpedia.org/resource/Punk_jazz
1160	http://dbpedia.org/resource/Punk_pathetique
1161	http://dbpedia.org/resource/Punk_rock
1162	http://dbpedia.org/resource/Punk_subculture
1163	http://dbpedia.org/resource/Puppetry
1164	http://dbpedia.org/resource/Qawwali
1165	http://dbpedia.org/resource/Queercore
1166	http://dbpedia.org/resource/Quiet_storm
1167	http://dbpedia.org/resource/Quirky_music
1168	http://dbpedia.org/resource/Ra%C3%AF
1169	http://dbpedia.org/resource/Raga_rock
1170	http://dbpedia.org/resource/Ragga
1171	http://dbpedia.org/resource/Ragga_jungle
1172	http://dbpedia.org/resource/Ragtime
1173	http://dbpedia.org/resource/Rakugo
1174	http://dbpedia.org/resource/Ranchera
1175	http://dbpedia.org/resource/Rap_metal
1176	http://dbpedia.org/resource/Rap_opera
1177	http://dbpedia.org/resource/Rap_rock
1178	http://dbpedia.org/resource/Rapcore
1179	http://dbpedia.org/resource/Rapping
1180	http://dbpedia.org/resource/Rare_groove
1181	http://dbpedia.org/resource/Rautalanka
1182	http://dbpedia.org/resource/Rave
1183	http://dbpedia.org/resource/Rave_music
1184	http://dbpedia.org/resource/Rebetiko
1185	http://dbpedia.org/resource/Red_Dirt_(music)
1186	http://dbpedia.org/resource/Reggae
1187	http://dbpedia.org/resource/Reggae_en_Espa%C3%B1ol
1188	http://dbpedia.org/resource/Reggae_fusion
1189	http://dbpedia.org/resource/Reggae_rock
1190	http://dbpedia.org/resource/Reggaeton
1191	http://dbpedia.org/resource/Regional_Mexican
1192	http://dbpedia.org/resource/Regional_Mexicano
1193	http://dbpedia.org/resource/Religious_music
1194	http://dbpedia.org/resource/Remix
1195	http://dbpedia.org/resource/Retro_Filmi
1196	http://dbpedia.org/resource/Retro_Rock
1197	http://dbpedia.org/resource/Retro_style
1198	http://dbpedia.org/resource/Revival_rock
1199	http://dbpedia.org/resource/Revue
1200	http://dbpedia.org/resource/Rhythm_and_blues
1201	http://dbpedia.org/resource/Ribaldry
1202	http://dbpedia.org/resource/Richter-tuned_harmonica
1203	http://dbpedia.org/resource/Riot_grrrl
1204	http://dbpedia.org/resource/Rock_Against_Communism
1205	http://dbpedia.org/resource/Rock_and_alternative_music_in_Iran
1206	http://dbpedia.org/resource/Rock_and_roll
1207	http://dbpedia.org/resource/Rock_and_roll_revival
1208	http://dbpedia.org/resource/Rock_catal%C3%A0
1209	http://dbpedia.org/resource/Rock_en_Espa%C3%B1ol
1210	http://dbpedia.org/resource/Rock_in_Opposition
1211	http://dbpedia.org/resource/Rock_latino
1212	http://dbpedia.org/resource/Rock_music
1213	http://dbpedia.org/resource/Rock_noir
1214	http://dbpedia.org/resource/Rock_opera
1215	http://dbpedia.org/resource/Rockabilly
1216	http://dbpedia.org/resource/Rocksteady
1217	http://dbpedia.org/resource/Romance_(music)
1218	http://dbpedia.org/resource/Romance_film
1219	http://dbpedia.org/resource/Romani_music
1220	http://dbpedia.org/resource/Romanian_popular_music
1221	http://dbpedia.org/resource/Romantic_music
1222	http://dbpedia.org/resource/Romantic_rock
1223	http://dbpedia.org/resource/Romanticism
1224	http://dbpedia.org/resource/Romo
1225	http://dbpedia.org/resource/Romvong
1226	http://dbpedia.org/resource/Root_(disambiguation)
1227	http://dbpedia.org/resource/Roots_reggae
1228	http://dbpedia.org/resource/Roots_revival
1229	http://dbpedia.org/resource/Roots_rock
1230	http://dbpedia.org/resource/Rotrock
1231	http://dbpedia.org/resource/Rumba
1232	http://dbpedia.org/resource/Russian_pop
1233	http://dbpedia.org/resource/Russian_rock
1234	http://dbpedia.org/resource/Sacred_Steel_(musical_tradition)
1235	http://dbpedia.org/resource/Sadcore
1236	http://dbpedia.org/resource/Salegy
1237	http://dbpedia.org/resource/Salsa_music
1238	http://dbpedia.org/resource/Samba
1239	http://dbpedia.org/resource/Samba-can%C3%A7%C3%A3o
1240	http://dbpedia.org/resource/Samba-Joia
1241	http://dbpedia.org/resource/Samba_de_Gafieira
1242	http://dbpedia.org/resource/Samba_jazz
1243	http://dbpedia.org/resource/Samba_reggae
1244	http://dbpedia.org/resource/Samba_rock
1245	http://dbpedia.org/resource/Sami_languages
1246	http://dbpedia.org/resource/Saravan
1247	http://dbpedia.org/resource/Sarcasm
1248	http://dbpedia.org/resource/Satire
1249	http://dbpedia.org/resource/Scat_singing
1250	http://dbpedia.org/resource/Schlager_music
1251	http://dbpedia.org/resource/Science
1252	http://dbpedia.org/resource/Science_fiction
1253	http://dbpedia.org/resource/Scottish_Gaelic_punk
1254	http://dbpedia.org/resource/Screamo
1255	http://dbpedia.org/resource/Scrumpy_and_Western
1256	http://dbpedia.org/resource/Sea_shanty
1257	http://dbpedia.org/resource/Seapunk
1258	http://dbpedia.org/resource/Second_line_(parades)
1259	http://dbpedia.org/resource/Self-deprecation
1260	http://dbpedia.org/resource/Semiclassical
1261	http://dbpedia.org/resource/Sephardic_music
1262	http://dbpedia.org/resource/Serbian_hip_hop
1263	http://dbpedia.org/resource/Session_musician
1264	http://dbpedia.org/resource/Shibuya-kei
1265	http://dbpedia.org/resource/Shock_rock
1266	http://dbpedia.org/resource/Shoegazing
1267	http://dbpedia.org/resource/Show_tune
1268	http://dbpedia.org/resource/Singer-songwriter
1269	http://dbpedia.org/resource/Sitcom
1270	http://dbpedia.org/resource/Ska
1271	http://dbpedia.org/resource/Ska_punk
1272	http://dbpedia.org/resource/Skate_punk
1273	http://dbpedia.org/resource/Sketch_comedy
1274	http://dbpedia.org/resource/Skiffle
1275	http://dbpedia.org/resource/Skweee
1276	http://dbpedia.org/resource/Slapstick
1277	http://dbpedia.org/resource/Slide_guitar
1278	http://dbpedia.org/resource/Slovenian-style_polka
1279	http://dbpedia.org/resource/Slowcore
1280	http://dbpedia.org/resource/Sludge_metal
1281	http://dbpedia.org/resource/Smooth_jazz
1282	http://dbpedia.org/resource/Smooth_soul
1283	http://dbpedia.org/resource/Snap_music
1284	http://dbpedia.org/resource/Soca_music
1285	http://dbpedia.org/resource/Social_commentary
1286	http://dbpedia.org/resource/Social_psychology
1287	http://dbpedia.org/resource/Soft_punk
1288	http://dbpedia.org/resource/Soft_rock
1289	http://dbpedia.org/resource/Sola
1290	http://dbpedia.org/resource/Son
1291	http://dbpedia.org/resource/Son_(music)
1292	http://dbpedia.org/resource/Son_montuno
1293	http://dbpedia.org/resource/Song
1294	http://dbpedia.org/resource/Songwriter
1295	http://dbpedia.org/resource/Sonidero
1296	http://dbpedia.org/resource/Sophisti-pop
1297	http://dbpedia.org/resource/Soukous
1298	http://dbpedia.org/resource/Soul
1299	http://dbpedia.org/resource/Soul,_R&B
1300	http://dbpedia.org/resource/Soul_blues
1301	http://dbpedia.org/resource/Soul_jazz
1302	http://dbpedia.org/resource/Soul_music
1303	http://dbpedia.org/resource/Sound-alike
1304	http://dbpedia.org/resource/Sound_collage
1305	http://dbpedia.org/resource/Sound_system_(Jamaican)
1306	http://dbpedia.org/resource/Soundtrack
1307	http://dbpedia.org/resource/Soundtracks
1308	http://dbpedia.org/resource/South_African_jazz
1309	http://dbpedia.org/resource/Southern_Gospel
1310	http://dbpedia.org/resource/Southern_Gothic
1311	http://dbpedia.org/resource/Southern_hip_hop
1312	http://dbpedia.org/resource/Southern_rock
1313	http://dbpedia.org/resource/Southern_soul
1314	http://dbpedia.org/resource/Space-themed_music
1315	http://dbpedia.org/resource/Space_age_pop
1316	http://dbpedia.org/resource/Space_disco
1317	http://dbpedia.org/resource/Space_music
1318	http://dbpedia.org/resource/Space_Pop
1319	http://dbpedia.org/resource/Space_rock
1320	http://dbpedia.org/resource/Spanish_guitar
1321	http://dbpedia.org/resource/Spanish_hip_hop
1322	http://dbpedia.org/resource/Speed/Thrash_metal
1323	http://dbpedia.org/resource/Speed_garage
1324	http://dbpedia.org/resource/Speed_metal
1325	http://dbpedia.org/resource/Speedcore
1326	http://dbpedia.org/resource/Spiritual_(music)
1327	http://dbpedia.org/resource/Spirituality
1328	http://dbpedia.org/resource/Spoken_word
1329	http://dbpedia.org/resource/Sports_journalism
1330	http://dbpedia.org/resource/Spy_music
1331	http://dbpedia.org/resource/Stand-up_comedy
1332	http://dbpedia.org/resource/Standard_(music)
1333	http://dbpedia.org/resource/Steampunk
1334	http://dbpedia.org/resource/Stoner_rock
1335	http://dbpedia.org/resource/Storytelling
1336	http://dbpedia.org/resource/Straight-ahead_jazz
1337	http://dbpedia.org/resource/Straight_edge
1338	http://dbpedia.org/resource/Street_performance
1339	http://dbpedia.org/resource/Street_punk
1340	http://dbpedia.org/resource/Stride_(music)
1341	http://dbpedia.org/resource/String_quartet
1342	http://dbpedia.org/resource/Sufi_music
1343	http://dbpedia.org/resource/Sufi_rock
1344	http://dbpedia.org/resource/Sufism
1345	http://dbpedia.org/resource/Sung_poetry
1346	http://dbpedia.org/resource/Sunshine_pop
1347	http://dbpedia.org/resource/Supernatural
1348	http://dbpedia.org/resource/Surf_music
1349	http://dbpedia.org/resource/Surreal_humour
1350	http://dbpedia.org/resource/Surrealism
1351	http://dbpedia.org/resource/Swamp_blues
1352	http://dbpedia.org/resource/Swamp_Blues
1353	http://dbpedia.org/resource/Swamp_pop
1354	http://dbpedia.org/resource/Swamp_Tech
1355	http://dbpedia.org/resource/Swedish_folk_music
1356	http://dbpedia.org/resource/Swing_(jazz_performance_style)
1357	http://dbpedia.org/resource/Swing_music
1358	http://dbpedia.org/resource/Swing_revival
1359	http://dbpedia.org/resource/Swiss_hip_hop
1360	http://dbpedia.org/resource/Symphonic_black_metal
1361	http://dbpedia.org/resource/Symphonic_metal
1362	http://dbpedia.org/resource/Symphonic_rock
1363	http://dbpedia.org/resource/Symphonic_techno
1364	http://dbpedia.org/resource/Symphonie
1365	http://dbpedia.org/resource/Symphony
1366	http://dbpedia.org/resource/Synthesizer
1367	http://dbpedia.org/resource/Synthpop
1368	http://dbpedia.org/resource/Synthpunk
1369	http://dbpedia.org/resource/Synthwave
1370	http://dbpedia.org/resource/T%C3%BCrk%C3%BC
1371	http://dbpedia.org/resource/Taiwanese_hip_hop
1372	http://dbpedia.org/resource/Taiwanese_Hokkien
1373	http://dbpedia.org/resource/Taiwanese_pop
1374	http://dbpedia.org/resource/Taiwanese_rock
1375	http://dbpedia.org/resource/Talking_blues
1376	http://dbpedia.org/resource/Tamburica
1377	http://dbpedia.org/resource/Tampere
1378	http://dbpedia.org/resource/Tango_music
1379	http://dbpedia.org/resource/Tapping
1380	http://dbpedia.org/resource/Taqwacore
1381	http://dbpedia.org/resource/Tarantella
1382	http://dbpedia.org/resource/Teatro_canzone
1383	http://dbpedia.org/resource/Tech_house
1384	http://dbpedia.org/resource/Tech_trance
1385	http://dbpedia.org/resource/Technical_death_metal
1386	http://dbpedia.org/resource/Techno
1387	http://dbpedia.org/resource/Techstep
1388	http://dbpedia.org/resource/Tecno_brega
1389	http://dbpedia.org/resource/Teen_drama
1390	http://dbpedia.org/resource/Teen_pop
1391	http://dbpedia.org/resource/Tejano_music
1392	http://dbpedia.org/resource/Television
1393	http://dbpedia.org/resource/Telugu_cinema
1394	http://dbpedia.org/resource/Tex-Mex
1395	http://dbpedia.org/resource/Texas_blues
1396	http://dbpedia.org/resource/Texas_country_music
1397	http://dbpedia.org/resource/Thai_rock
1398	http://dbpedia.org/resource/Theatre
1399	http://dbpedia.org/resource/Third_stream
1400	http://dbpedia.org/resource/Thrash_metal
1401	http://dbpedia.org/resource/Thrashcore
1402	http://dbpedia.org/resource/Thriller_(genre)
1403	http://dbpedia.org/resource/Thumri
1404	http://dbpedia.org/resource/Tichumaren
1405	http://dbpedia.org/resource/Timba
1406	http://dbpedia.org/resource/Torch_song
1407	http://dbpedia.org/resource/Totalism
1408	http://dbpedia.org/resource/Trad_jazz
1409	http://dbpedia.org/resource/Tradition
1410	http://dbpedia.org/resource/Traditional_heavy_metal
1411	http://dbpedia.org/resource/Traditional_Japanese_music
1412	http://dbpedia.org/resource/Traditional_pop_music
1413	http://dbpedia.org/resource/Tragicomedy
1414	http://dbpedia.org/resource/Trailer_music
1415	http://dbpedia.org/resource/Trallpunk
1416	http://dbpedia.org/resource/Trance
1417	http://dbpedia.org/resource/Trance_music
1418	http://dbpedia.org/resource/Trap_(music_genre)
1419	http://dbpedia.org/resource/Trashvogue
1420	http://dbpedia.org/resource/Travel
1421	http://dbpedia.org/resource/Tribal_house
1422	http://dbpedia.org/resource/Tribe
1423	http://dbpedia.org/resource/Tribute_act
1424	http://dbpedia.org/resource/Trip_hop
1425	http://dbpedia.org/resource/Trip_rock
1426	http://dbpedia.org/resource/Trip_Rock
1427	http://dbpedia.org/resource/Tropic%C3%A1lia
1428	http://dbpedia.org/resource/Tropical_music
1429	http://dbpedia.org/resource/Tropical_rock
1430	http://dbpedia.org/resource/Tropics
1431	http://dbpedia.org/resource/Tropipop
1432	http://dbpedia.org/resource/Trot_(music)
1433	http://dbpedia.org/resource/Troubadour
1434	http://dbpedia.org/resource/Trova
1435	http://dbpedia.org/resource/Tsugaru-jamisen
1436	http://dbpedia.org/resource/TTT_=_Tribal-Tech-Trance
1437	http://dbpedia.org/resource/Tulsa_Sound
1438	http://dbpedia.org/resource/Turbo-folk
1439	http://dbpedia.org/resource/Turkish_folk_music
1440	http://dbpedia.org/resource/Turkish_pop_music
1441	http://dbpedia.org/resource/Turntablism
1442	http://dbpedia.org/resource/Tuvan_throat_singing
1443	http://dbpedia.org/resource/Twelve-bar_blues
1444	http://dbpedia.org/resource/Uchinaa_pop
1445	http://dbpedia.org/resource/UK_funky
1446	http://dbpedia.org/resource/UK_garage
1447	http://dbpedia.org/resource/UK_hard_house
1448	http://dbpedia.org/resource/UK_hardcore
1449	http://dbpedia.org/resource/Ukrainian_folk_music
1450	http://dbpedia.org/resource/Unblack_metal
1451	http://dbpedia.org/resource/Underground_hip_hop
1452	http://dbpedia.org/resource/Underground_music
1453	http://dbpedia.org/resource/Underwhelming
1454	http://dbpedia.org/resource/Uplifting_trance
1455	http://dbpedia.org/resource/Urban_adult_contemporary
1456	http://dbpedia.org/resource/Urban_contemporary
1457	http://dbpedia.org/resource/Urban_contemporary_gospel
1458	http://dbpedia.org/resource/Utopian_and_dystopian_fiction
1459	http://dbpedia.org/resource/Vallenato
1460	http://dbpedia.org/resource/Vaporwave
1461	http://dbpedia.org/resource/Vaudeville
1462	http://dbpedia.org/resource/Video_game
1463	http://dbpedia.org/resource/Video_game_music
1464	http://dbpedia.org/resource/Viking_metal
1465	http://dbpedia.org/resource/Viking_rock
1466	http://dbpedia.org/resource/Virtuoso
1467	http://dbpedia.org/resource/Vispop
1468	http://dbpedia.org/resource/Visual_system
1469	http://dbpedia.org/resource/Vocal_harmony
1470	http://dbpedia.org/resource/Vocal_jazz
1471	http://dbpedia.org/resource/Vocal_music
1472	http://dbpedia.org/resource/Vocal_trance
1473	http://dbpedia.org/resource/Vocalese
1474	http://dbpedia.org/resource/Wagnerian_rock
1475	http://dbpedia.org/resource/Waltz
1476	http://dbpedia.org/resource/West_Coast_blues
1477	http://dbpedia.org/resource/West_Coast_Gypsy_jazz
1478	http://dbpedia.org/resource/West_Coast_hip_hop
1479	http://dbpedia.org/resource/West_Coast_jazz
1480	http://dbpedia.org/resource/Western_(genre)
1481	http://dbpedia.org/resource/Western_Christianity
1482	http://dbpedia.org/resource/Western_culture
1483	http://dbpedia.org/resource/Western_music_(North_America)
1484	http://dbpedia.org/resource/Western_swing
1485	http://dbpedia.org/resource/White_power_music
1486	http://dbpedia.org/resource/Wit
1487	http://dbpedia.org/resource/Witch_house_(music_genre)
1488	http://dbpedia.org/resource/Wizard_rock
1489	http://dbpedia.org/resource/Wonky
1490	http://dbpedia.org/resource/Wonky_(music)
1491	http://dbpedia.org/resource/Wonky_pop
1492	http://dbpedia.org/resource/Word_play
1493	http://dbpedia.org/resource/World
1494	http://dbpedia.org/resource/World_music
1495	http://dbpedia.org/resource/Worldbeat
1496	http://dbpedia.org/resource/Worship
1497	http://dbpedia.org/resource/Y%C3%A9-y%C3%A9
1498	http://dbpedia.org/resource/Yass_(music)
1499	http://dbpedia.org/resource/Yela_music
1500	http://dbpedia.org/resource/Yiddish_language
1501	http://dbpedia.org/resource/Yobbo
1502	http://dbpedia.org/resource/Yoruba_music
1503	http://dbpedia.org/resource/Young-adult_fiction
1504	http://dbpedia.org/resource/Youth_crew
1505	http://dbpedia.org/resource/Zef
1506	http://dbpedia.org/resource/Zeuhl
1507	http://dbpedia.org/resource/Zouglou
1508	http://dbpedia.org/resource/Zouk
1509	http://dbpedia.org/resource/Zulu_music
1510	http://dbpedia.org/resource/Zydeco
